{"name":"delay-tape","sr":48000,"correlation":-0.037,"channels":{"left":{"hash":"ebf6c1f0","finite":true,"peak":0.3402962,"rms":0.1447659,"dc":0.00002641042,"maxDelta":0.01022299,"tailRms":0.1250693,"bands":[[-100,-100,-100,-100,-100,-100,-100,-100,-100,-100,-100,-100,-100,-100,-100,-100,-100,-100,-100,-100,-100,-100,-100,-100],[-100,-100,-100,-100,-100,-100,-100,-100,-100,-100,-100,-100,-100,-100,-100,-100,-100,-100,-100,-100,-100,-100,-100,-100],[-100,-100,-100,-100,-100,-100,-100,-100,-100,-100,-100,-100,-100,-100,-100,-100,-100,-100,-100,-100,-100,-100,-100,-100],[-60.8,-60.8,-60.86,-60.95,-61.07,-61.32,-61.8,-62.65,-64.04,-66.46,-70.82,-74.84,-73.55,-76.26,-87.28,-95.13,-100,-100,-100,-100,-100,-100,-100,-100],[-15.61,-15.61,-13.34,-14.32,-9.19,-4.07,5.57,44.91,16.25,-6.98,-13.27,-17.78,-21.36,-24.75,-27.76,-30.62,-33.48,-36.5,-39.63,-42.98,-46.53,-50.17,-53.74,-57.02],[-40.13,-40.13,-36.83,-33.72,-29.89,-22.51,-6.16,44.97,13.04,-26.43,-43.52,-54.26,-63.72,-71.25,-78.34,-83.98,-88.9,-94.86,-100,-100,-100,-100,-100,-100],[-24.5,-24.5,-27.95,-21.66,-16.81,-11.63,1.42,45.54,15.12,-9.64,-14.61,-17.82,-20.52,-23.13,-25.67,-28.24,-30.94,-33.82,-36.89,-40.2,-43.72,-47.35,-50.91,-54.19],[-17.61,-17.61,-7.74,0.18,6.98,15.3,25.1,41.34,30.15,14.51,-1.27,-6.48,-13.11,-19.99,-27.19,-32.08,-38.2,-43.78,-49.08,-55,-61.15,-67.39,-73.77,-80.47],[-26.72,-26.72,-20.69,-21.75,-13.88,-6.64,5.2,44.02,15.2,-6.38,-12.37,6.28,-19.29,-22.56,-27.53,-31.69,-34.52,-38.09,-42.14,-46.96,-52.1,-57.77,-63.95,-70.79],[-38.15,-38.15,-35.53,-32.38,-28.9,-21.63,-4.59,44.08,11.26,-26.06,-44.05,4.73,-25.8,-33.15,-73,-70.29,-81.35,-84.64,-88.23,-91.77,-95.48,-99.17,-100,-100],[-32.47,-32.47,-35.65,-25.21,-22.46,-14.28,0.19,44.4,14.26,-9.58,-13.67,7.3,-17.27,-20.45,-24.08,-26.89,-29.94,-33.4,-37.28,-41.66,-46.51,-51.65,-56.82,-61.65],[-26.58,-26.58,-17.48,-7.59,2.85,11.63,22.74,40.23,28.89,14.65,0.34,3.42,-9.64,-16.99,-23.12,-27.04,-31.09,-34.6,-37.97,-41.42,-45.04,-48.69,-52.27,-55.56],[-32.54,-32.54,-26.33,-28.79,-18.44,-9.64,2.81,43.27,14.45,-6.28,-10.89,7.4,-17.22,-19.85,-25.59,-31.12,-33.34,-37.52,-42.64,-48.74,-55.5,-62.86,-71.64,-81.08],[-26.53,-26.53,-22.46,-20.57,-16.32,-9.04,2.99,43.86,16.21,-5.37,-9.72,8.58,-13.77,-16.26,-20.42,-22.98,-25.72,-28.61,-31.7,-35.02,-38.54,-42.17,-45.74,-49.02],[-39.14,-39.14,-40.72,-29.65,-27.59,-17.75,-3.55,43.71,13.59,-9.73,-12.99,9.37,-15.83,-17.59,-23.62,-26.53,-29.95,-33.95,-38.63,-44.07,-50.27,-57.02,-63.9,-70.48],[-29.47,-29.47,-20.33,-13.53,-2.3,7.7,20.78,39.68,28.84,14.44,1.17,5.32,-11.37,-16.37,-22.98,-27.36,-31.6,-35.69,-39.96,-44.72,-49.76,-55.27,-60.91,-66.5],[-35.53,-35.53,-30.74,-29.89,-21.43,-11.79,1.33,43.01,14.4,-6.29,-10.42,3.82,-16.85,-21.22,-24.14,-30.08,-32.42,-37.36,-43.44,-50.66,-59.03,-68.24,-79.59,-91.94],[-41.8,-41.8,-29.46,-22.89,-20.06,-11.83,2.34,43.49,13.74,-4.97,-9.18,4.59,-13.05,-16.25,-18.81,-22.15,-24.97,-28.64,-32.45,-37.1,-42.17,-47.71,-53.57,-59.63],[-33.26,-33.26,-33.97,-29.55,-27.81,-18.39,-2.8,43.58,10.35,-9.93,-12.72,5.76,-17.82,-17.94,-23.43,-26.44,-30.33,-34.87,-40.34,-46.88,-54.51,-62.84,-71.39,-79.62],[-30.94,-30.94,-23.66,-19.71,-8.04,3.15,18.59,39.37,29.61,14.98,1.93,2.46,-14.32,-15.12,-22.61,-27.3,-31.83,-36.86,-41.98,-47.98,-54.62,-62.19,-70.35,-79.3],[-24.56,-24.56,-20.32,-17.61,-17.06,-10.36,2.65,41.74,11.05,-4.94,-9.38,7.6,-17.22,-21.88,-22.74,-29.42,-31.72,-37.06,-42.71,-48.61,-53.38,-57.44,-61.11,-64.4],[-38.94,-38.94,-33.79,-28.53,-24.38,-15.35,-1.93,42.21,10.61,-5.22,-8.82,6.39,-12.59,-15.69,-18.41,-22.26,-25.17,-29.4,-34,-39.93,-46.44,-53.53,-61.4,-69.52],[-27.15,-27.15,-20.29,-14.75,-14.13,-9.21,2.53,42.81,12.77,-4.82,-8.46,9.01,-12.92,-15.75,-19.01,-22.22,-25.55,-29.18,-32.89,-36.64,-40.36,-44.05,-47.63,-50.91],[-34.76,-34.76,-27.4,-24.81,-14.06,-0.71,17.59,38.67,28.75,16,3.03,3.92,-8.98,-13.56,-21.4,-26.5,-31.46,-37.06,-42.85,-50.11,-58.07,-67.16,-77.06,-87.66],[-38.4,-38.4,-26.47,-19.72,-20.55,-11.7,1.41,40.09,10.49,-4.56,-8.25,8.69,-15.74,-19.41,-21.41,-29.08,-31.63,-37.49,-43.8,-50.09,-55.28,-60.07,-64.52,-68.41],[-44.38,-44.38,-40.04,-33,-29.01,-19.39,-5.95,40.38,8.84,-4.88,-7.45,8.88,-10.75,-13.74,-17.88,-21.54,-24.97,-29.71,-35.16,-42.1,-50.16,-58.87,-68.53,-78.6],[-50.26,-50.26,-29.74,-20.88,-19.57,-12.77,1.29,42.29,13.49,-4.02,-7.29,10.35,-9.8,-14.66,-17.63,-20.8,-24.49,-28.83,-33.63,-38.53,-43.99,-49.57,-55.57,-61.89],[-31.84,-31.84,-25.78,-26.51,-18.18,-4.6,16.51,37.87,27.91,17.48,4.64,5.81,-6.37,-12.38,-19.75,-25.39,-30.99,-37.38,-44.03,-52.54,-61.94,-72.41,-81.99,-87.59],[-45.05,-45.05,-33.44,-26.25,-25.11,-14.09,0.05,38.91,9.75,-3.27,-7.19,9.22,-14.01,-17.51,-20.08,-28.06,-31.08,-37.34,-44.69,-51.8,-58.45,-64.78,-71.36,-77.9],[-32.03,-32.03,-28.82,-23.8,-27.51,-16.3,-3.16,38.73,11.16,-3.54,-5.94,9.51,-9.76,-12.28,-16.36,-20.39,-24.13,-29.17,-34.77,-40.79,-46.39,-50.72,-54.43,-57.73],[-53.16,-53.16,-35.21,-25.94,-23.97,-15.41,-1.06,42.39,10.78,-3,-6.33,9.04,-9.45,-12.97,-16.79,-19.92,-24.32,-29.21,-35.12,-40.93,-48.32,-55.6,-64.22,-73.55],[-43.05,-43.05,-28.98,-28.12,-19.35,-7.53,16.7,37.58,26.53,17.48,5.75,5.28,-7.88,-12.69,-19.41,-25.6,-31.93,-38.71,-46.56,-55.81,-66.56,-78.31,-88.58,-94],[-40.8,-40.8,-37.38,-32.21,-26.1,-16.52,-1.95,38.63,9.95,-2.23,-6.45,10.85,-12.8,-16.87,-18.62,-26.6,-30.5,-37.4,-45.5,-53.88,-62.08,-70.19,-78.99,-88.36],[-36.03,-36.03,-31.77,-34.16,-35.9,-17.29,-2.23,38.24,10.12,-3.2,-4.55,11.11,-9.82,-11.56,-15.22,-19.8,-23.95,-29.66,-35.54,-42.61,-49.3,-54.58,-59.21,-63.31],[-37.25,-37.25,-37.38,-29.37,-27.78,-17.1,-2.45,42.52,11.47,-2.54,-5.55,11.78,-7.85,-11.96,-16.02,-19.24,-24.33,-29.8,-36.55,-43.37,-52.41,-61.04,-71.5,-82.39],[-39.96,-39.96,-29.55,-28.85,-21.59,-12.22,14.51,36.68,27.42,17.9,6.06,6.32,-5.57,-11.98,-18.92,-25.33,-32.86,-40.09,-48.74,-59,-71.32,-84.38,-96.66,-100],[-37.94,-37.94,-34.05,-35.4,-25.95,-18.07,-2.56,38.7,7.39,-1.95,-5.58,12.22,-11.56,-15.49,-17.34,-25.3,-29.74,-37.32,-46.47,-55.86,-65.46,-75.39,-86.21,-96.83],[-50.97,-50.97,-36.66,-45.29,-36.22,-19.85,-5.19,38.28,5.17,-2.65,-4.04,13.09,-8.61,-10.49,-14.32,-19.12,-23.84,-30.03,-36.27,-44.36,-52.49,-59.27,-65.7,-71.82],[-25.07,-25.07,-21.63,-18.81,-15.23,-13.22,-2.08,41.63,7.24,-2.14,-4.4,14.2,-7.13,-11.14,-14.22,-18.03,-23.35,-29.17,-35.85,-41.55,-46.74,-50.82,-54.49,-57.78],[-49.1,-49.1,-29.12,-25.26,-21.06,-17.16,11.1,34.82,27.35,18.83,6.88,7.31,-3.24,-10.96,-17.75,-25.26,-33.6,-41.22,-51.1,-62.45,-76.39,-91.01,-100,-100],[-23,-23,-21.02,-18.6,-14.54,-13.92,-2.21,37.79,10.59,-2.02,-3.53,13.11,-10.88,-12.74,-16.43,-24.94,-29.12,-37.05,-45.87,-52.82,-57.63,-61.65,-65.34,-68.66],[-53.36,-53.36,-43.09,-44.36,-36.51,-24.13,-9.88,37.29,5.74,-2.31,-3.41,14.47,-6.7,-8.97,-13.61,-18.34,-23.44,-30.28,-37.59,-46.45,-55.71,-64.12,-72.74,-81.82],[-26.71,-26.71,-31.01,-30.03,-20.68,-15.97,-2.89,40.67,9.42,-1.51,-2.5,14.57,-4.87,-9.61,-12.42,-16.68,-22.35,-29.31,-37.37,-44.69,-51.89,-57.83,-63.46,-68.72],[-35.12,-35.12,-37.14,-25.85,-22.54,-17.73,8.16,33.21,27.04,19.28,6.94,6.74,-2.53,-9.86,-16.17,-25.17,-34.18,-42.26,-53.42,-65.73,-81.31,-97.5,-100,-100],[-33.48,-33.48,-30.6,-23.27,-19.54,-17.25,-3.38,37.01,10.49,-1.4,-2.56,13.8,-9.97,-10.74,-15.38,-23.34,-29.16,-36.78,-46.36,-54.8,-61.3,-67.37,-73.5,-79.84],[-43.88,-43.88,-41.36,-39.82,-35.19,-27.12,-11.2,36.45,7.38,-2.04,-2.29,15.91,-4.63,-8.02,-12.43,-17.59,-22.92,-30.51,-38.47,-48.38,-58.45,-67.87,-76.31,-82.04]]},"right":{"hash":"87613b5a","finite":true,"peak":0.3363271,"rms":0.1377038,"dc":0.00001089661,"maxDelta":0.01023426,"tailRms":0.1103953,