{"name":"delay-stress","sr":48000,"correlation":0.2276,"channels":{"left":{"hash":"60a62c14","finite":true,"peak":1.512296,"rms":0.784698,"dc":-0.0001402026,"maxDelta":0.9597354,"tailRms":0.8732206,"bands":[[-100,-100,-100,-100,-100,-100,-100,-100,-100,-100,-100,-100,-100,-100,-100,-100,-100,-100,-100,-100,-100,-100,-100,-100],[-100,-100,-100,-100,-100,-100,-100,-100,-100,-100,-100,-100,-100,-100,-100,-100,-100,-100,-100,-100,-100,-100,-100,-100],[-9.66,-9.66,-2.24,4.46,10.43,17.92,26.94,46.74,30.31,15.16,-1.52,-7.31,-13.41,-19.97,-27.32,-32.01,-37.73,-43.01,-48.14,-53.54,-59.13,-64.71,-70.21,-75.31],[-28.95,-28.95,-27.79,-26.38,-22.92,-14.55,1.94,48.21,13.4,-21.17,-37.44,-50.95,-59.82,-69.58,-76.3,-82.64,-88.77,-94.22,-99.88,-100,-100,-100,-100,-100],[1.44,1.44,6.63,9.92,13.93,19.72,28.87,49.5,33.83,21.18,6.84,22.82,15.03,-6.74,-8.88,-8.01,-11.69,-18.14,-22.79,-27.67,-34.71,-40.75,-46.65,-53.26],[-4.81,-4.81,2.72,3.46,6.21,12.19,22.07,57.42,27.8,11.75,3.06,40.81,15.78,28.16,7.65,18.27,8.85,-5.43,-7.71,-13.57,-18.9,-25.49,-31.7,-37.96],[-25.4,-25.4,-22.13,-16.52,-15.23,-6.9,9.02,55.96,20.18,-12.61,-24.08,40.03,1.6,28.75,-12.7,18.56,9.88,-7.85,-25.92,-42.49,-52.92,-60.23,-66.55,-72.88],[-3.04,-3.04,-2.36,2.3,4.12,9.7,18.94,56.23,19.76,7.93,5.14,42.4,12.95,34.64,13.54,28.37,24.75,16.74,8.86,1.66,-8.44,-19.87,-31.89,-44.88],[-13.32,-13.32,-12.67,-1.72,0.44,7.6,18.56,56.26,25.44,3.33,-2.39,42.69,12.24,35.47,12.98,30.24,27.34,21.7,16.01,11.38,4.2,-5.08,-16.43,-29.58],[-8.91,-8.91,-2.16,2.2,5.06,9.9,15.67,56.15,20.36,8.77,2.35,42.82,13.51,35.78,11.3,30.12,28.2,22.76,18.29,14.59,9.41,3.07,-3.4,-12.52],[-6.72,-6.72,-8.12,-5.75,-0.35,6.4,16.69,56.21,23.5,1.97,-1.86,42.76,13.21,36.11,9.84,30.53,28.99,24.08,19.95,17.22,13.06,7.96,2.6,-3.79],[-31.22,-31.22,-8.56,-4.48,0.19,1.8,8.76,56.03,23.13,2.33,-4.44,42.97,11.91,35.87,5.04,30.63,28.8,23.86,19.54,16.57,12.11,6.7,0.54,-6.47],[-0.63,-0.63,3.36,6.1,9.2,12.89,22.3,55.96,28.78,11.61,9.57,43,21.34,35.99,18.54,30.59,28.85,23.99,20.78,17.55,13.71,8.94,4.78,-0.99],[-12.69,-12.69,-14.97,-10.11,-6.78,-0.38,10.79,55.84,18.18,-1.98,-5.29,43.22,9.09,35.75,1.61,30.66,28.99,24.27,20.17,17.4,13.46,8.34,4.68,-1.83],[-18.93,-18.93,-7.8,-2.44,-7.53,3.89,14.23,54.42,19.2,5.85,4.08,44.06,10.22,35.8,10.24,29.09,29.38,24.17,18.9,16.97,12.82,7.2,2.2,-4.48],[-9.58,-9.58,-6.5,-4.06,1.73,8.77,18.54,55.48,23.02,1.17,-0.54,43.63,16.82,35.3,11.39,30.89,28.89,23.9,20.09,17.3,13.11,8.55,3.8,-2.58],[-2.8,-2.8,1.88,5.94,10.5,14.82,19.34,50.61,25.71,14.97,7.28,46.26,16.43,34.96,9.6,28.51,28.77,24.01,20.72,15.39,11.09,6.83,1.16,-6.87],[-19.27,-19.27,-3.61,-6.7,1.55,8.46,18.05,53.08,24.56,5.4,5.03,47.07,15.98,29.99,11.33,32.05,29.35,24.6,20.57,17.81,13.33,9.02,3.84,-2.29],[-7.78,-7.78,-8.87,4.29,7.87,15.93,25.5,49.08,28.94,14.85,1.08,48.67,20.72,31.98,7.3,30.77,29.58,24.75,20.95,16.88,12.71,6.98,2.24,-5.18],[-1.82,-1.82,2.7,3.11,5.98,10.72,21.76,39.65,26.14,12.37,15.58,51.95,23.33,28.97,16.15,29.01,33.97,26.34,20.04,19.41,15.76,10.03,5.46,-1.21],[-0.38,-0.38,-7.08,0.04,-5.28,-1.54,14.21,43.09,23.44,3.39,7.86,51.6,21.16,33.57,11.93,30.41,33.62,26.5,22.75,19.37,15.29,11.22,6,0.17],[-3.65,-3.65,-6.67,-0.16,8.29,10.36,22.05,47.88,25.62,12.82,5.95,51.08,18.95,32.76,11.66,36.41,30.77,29.47,24.62,21.11,16.69,10.95,6.41,-0.19],[-0.72,-0.72,-5.45,-7.77,-0.27,9.98,22.72,41.12,26.33,14.44,11.09,50.87,24.45,32.01,19.31,31.65,30.7,26.27,22.23,17.71,13.16,7.56,2.04,-4.74],[-13.69,-13.69,-2.22,3.7,7.22,14.26,23.56,49.76,28.15,15.37,5.44,49.6,19.94,34.01,18.99,33.49,34.48,29.8,23.19,19.52,16.43,11.12,6.38,-0.15],[-6.93,-6.93,-4.08,0.02,8.61,15.91,21.37,51.9,30.67,16.01,9.55,36.52,15.13,38.36,15.7,39.79,35.64,27.57,25.6,20.59,16.1,12.36,6.85,0.73],[2.83,2.83,-0.46,-10.24,6.27,7.77,18.42,47.45,28.42,9.15,4.62,47.19,22.69,39.01,21.05,31.96,35.05,28.3,24.2,20.6,14.56,8.84,6.09,-0.91],[8.2,8.2,8.13,1.41,11.53,19.49,21.7,53.29,31.76,20.3,13.86,44.36,26.03,37.94,26.61,35.45,33.98,31.91,24.37,21.34,17.08,11.76,7.53,0.5],[11.98,11.98,6.89,5.23,6.02,18.37,21.14,49.96,30.35,23.3,17.92,46.82,25.81,33.16,22.52,39.11,38.28,30.39,27.75,22.79,18.33,14.43,9.84,4.33],[-3.6,-3.6,-7.84,8.21,9.04,10.67,13.2,52.58,18.25,12.84,11.73,45.7,24.6,37.71,17.63,33.59,34.94,36.03,29.57,25.64,19.8,14.8,10.09,4.31],[4.01,4.01,9.33,13.25,13.42,23.66,25.51,53,36.63,27.35,19.32,43.53,31.2,36.14,26.6,39.22,37.22,32.11,27.85,22.76,19.81,15.37,10.09,4.23],[8.98,8.98,12.5,17.17,20.21,20.67,29.13,40.23,35.76,25.48,23.82,48.59,27.87,34.07,28.4,36.97,36.36,33.06,26.65,25.72,19.72,13.75,8.71,3.57],[5.48,5.48,3.86,8.54,13.64,16.02,17.23,53.57,24.27,14.88,11.76,44.48,20.04,37.55,20.24,36.97,35.67,35.36,27.99,22.85,19.89,16.89,11.23,7.17],[14.75,14.75,14.16,16.82,19.26,26.37,27.72,49.73,36.62,33.37,22.74,46.04,27.54,40.03,27.92,33.15,36.61,33.09,29.84,24.5,18.86,15.51,9.43,2.83],[7.64,7.64,13.32,21.04,22.05,23.36,27.15,49.46,30.44,24.43,20.81,48.63,26.75,33.16,28.79,36.18,31.92,31.09,27.69,23.81,19.67,13.75,9.62,2.89],[8.33,8.33,10.96,16.31,14.84,21.35,23.74,54.74,29.25,20.95,10.49,38.91,23.07,36.44,24.71,33.29,33.18,32.53,29.35,25.61,20.38,15.29,11.6,5.49],[15.48,15.48,19.84,25.11,24.36,33.35,30.98,49.36,38.33,32.48,26.04,40.62,33.02,39.4,31.25,38.19,34.64,33.06,29.5,26.06,20,16.57,11.89,4.4],[10.64,10.64,14.87,17.3,21.32,25.89,26.79,54.07,30.66,26.3,22.97,33.19,27.23,38.47,28.68,36.8,32.16,31.93,28.88,24.32,19.3,15.27,10.82,4.72],[11.34,11.34,11.88,8.01,13.83,25.59,28.88,55.71,32.35,26.08,18.62,41.67,23.11,34.45,23.76,29.45,30.66,29.16,26.4,22.8,18.88,14.32,6.89,2.22],[10.68,10.68,16.9,21.76,22.85,28.88,29.19,50.84,40.31,30.24,29.02,40.64,30.22,37.2,30.89,39.64,35.64,31.92,29.65,25.1,19.84,16.72,11.15,4.93],[2.78,2.78,15.35,9.2,13.3,21.19,30.18,55.24,35.93,25.76,21.96,39.52,25.93,35.66,26.12,33.09,31.88,32.14,27.84,24.28,20.48,14.15,10.73,5.45],[9.77,9.77,17.17,21.87,28.88,22.21,35.15,54.95,35.4,28.89,23.31,42.4,28.45,36.37,30.43,34.3,31.64,28.72,27.28,23.89,18.83,14.21,9.5,3.64],[13.18,13.18,15.25,26.58,27.81,24.66,34,53.87,37.52,27.19,25.86,40.99,29.84,34.68,31.31,37.57,34.42,31.86,30.84,25.42,20.95,17.64,12.1,7.47],[3.85,3.85,18.98,22.4,22.21,21.76,30.27,54.83,40.66,27.64,27.87,41.18,30.66,35.61,32.17,35.63,33.16,27.85,27.42,24.93,19.02,15.19,12.2,5.23],[14.92,14.92,21.84,15.62,31.99,30.47,36.68,54.67,37.74,31.83,30.47,41.92,32.73,37.73,33.85,35.33,32.41,28.29,26.91,24.35,20.89,14.97,9.66,5.24],[8.25,8.25,19.82,20.9,27.48,24.32,34.84,55.62,35.16,25.43,24.02,40.57,31.1,33.44,26.21,32.27,32.03,28.82,28.6,23.06,19.36,14.28,9.87,3.97],[14.94,14.94,14.34,26.14,29.1,25.19,33.15,55.55,40.35,26.98,30.12,41.14,28.84,34.15,28.74,31.58,31.93,28.32,25.03,24.17,20.32,14.95,8.65,4.85]]},"right":{"hash":"0a1948fc","finite":true,"peak":1.520086,"rms":0.7744765,"dc":-0.000185102,"maxDelta":0.9365548,"tailRms":0.8727015,