{"name":"delay-digital","sr":48000,"correlation":-0.269,"channels":{"left":{"hash":"5464fbe6","finite":true,"peak":0.5105832,"rms":0.09235649,"dc":-1.685181e-9,"maxDelta":0.01485026,"tailRms":0.00002733542,"bands":[[-100,-100,-100,-100,-100,-100,-100,-100,-100,-100,-100,-100,-100,-100,-100,-100,-100,-100,-100,-100,-100,-100,-100,-100],[-100,-100,-100,-100,-100,-100,-100,-100,-100,-100,-100,-100,-100,-100,-100,-100,-100,-100,-100,-100,-100,-100,-100,-100],[-36.49,-36.49,-17.38,-9.51,-4.14,3.46,13.24,18.42,15.36,2.29,-13.65,-20.04,-26.58,-33.55,-41.9,-46.76,-53.22,-58.75,-64,-69.42,-75.23,-80.88,-86.84,-92.71],[-32.73,-32.73,-30.78,-30.91,-20.83,-13.89,-1.22,46.64,12.23,-17.93,-34.63,-40.99,-48.25,-53.31,-62.43,-64.11,-68.85,-76.6,-83.29,-88.9,-94.13,-99.74,-100,-100],[-31.13,-31.13,-29.22,-26.9,-23.78,-16.86,-0.05,46.94,12.27,-22.05,-39.27,-52.21,-62.78,-72.69,-81.76,-90.17,-98.03,-100,-100,-100,-100,-100,-100,-100],[-43.82,-43.82,-19.84,-9.74,-2.4,7.26,18.66,47.36,24.49,8.47,-8.11,-13.71,-18.59,-26.64,-34.68,-39.19,-45.32,-50.72,-56.29,-61.97,-68.07,-74.15,-80.08,-85.13],[-23.79,-23.79,-8.85,-0.32,6.34,14.38,23.97,42.56,28.59,12.68,-4.17,-4.8,-16.18,-22.95,-30.77,-35.42,-41.42,-46.75,-51.82,-57.17,-62.85,-68.55,-74.57,-80.8],[-36.51,-36.51,-34.41,-30.53,-26.78,-21.42,-3.49,41.6,7.38,-21.26,-39.2,-6.18,-42.87,-50.85,-66.74,-71.44,-77.41,-82.92,-88.27,-94.22,-100,-100,-100,-100],[-43.38,-43.38,-29.6,-16.24,-7.74,2.83,14.34,42.73,19.7,5.86,-10.65,-2.21,-13.49,-27.9,-36.21,-40.76,-46.74,-52.12,-57.69,-63.21,-68.63,-73.87,-78.36,-82.18],[-40.39,-40.39,-25.32,-19.1,-13.02,-3.61,4.61,36.59,9.26,-4.89,-20.57,-10.27,-32.16,-41.33,-49.93,-55.05,-61.92,-68.02,-73.77,-79.96,-86.76,-93.53,-100,-100],[-42.13,-42.13,-40.12,-42.03,-31.1,-27.14,-12.9,36.63,0.18,-27.07,-43.37,-10.08,-45.66,-53.02,-68.64,-73.63,-79.34,-84.83,-90.39,-96.46,-100,-100,-100,-100],[-51.41,-51.41,-43.31,-24.67,-18.39,-6.22,5.38,37.94,12.29,-2.51,-18.81,-4.12,-20.55,-34.83,-43.82,-47.9,-53.16,-57.95,-62.55,-67.19,-71.68,-76.55,-81.41,-86.04],[-52.86,-52.86,-50.42,-47.64,-43.69,-35.73,-18.83,30.43,-5.29,-40.19,-56.99,-14.76,-50.43,-58.48,-92.77,-94.8,-99.94,-100,-100,-100,-100,-100,-100,-100],[-53.23,-53.23,-50.41,-47.98,-43.94,-36.68,-20.09,30.37,-7.19,-41.47,-58.47,-15.1,-50.49,-58.07,-96.99,-99.06,-100,-100,-100,-100,-100,-100,-100,-100],[-55.28,-55.28,-45.84,-29.99,-21.68,-10.26,1.65,32.29,9.76,-4.55,-19.95,-8.51,-31.3,-37.13,-44.67,-49.06,-54.86,-59.72,-64.49,-69.5,-74.03,-78.24,-82.06,-85.48],[-54.26,-54.26,-52.63,-50.43,-47.63,-40.84,-24.43,25.52,-10.47,-45.85,-63.13,-20.12,-54.36,-63.02,-98.15,-100,-100,-100,-100,-100,-100,-100,-100,-100],[-57.83,-57.83,-55.1,-52.04,-50.19,-47.11,-23.6,25.59,-11.47,-30.66,-43.76,-19.71,-52.4,-60.59,-72.31,-78.69,-86.67,-94.41,-100,-100,-100,-100,-100,-100],[-57.91,-57.91,-48.62,-38.49,-25.52,-12.44,1.81,25.78,9.85,-3.98,-19.76,-14.48,-32.46,-37.86,-45.36,-50.12,-56.55,-62.17,-67.86,-73.99,-78.85,-83.47,-87.63,-91.52],[-65.39,-65.39,-62.51,-59.47,-57.74,-44.32,-27.86,19.47,-17.15,-42.63,-60.11,-24.11,-57.56,-67.76,-85.55,-90.34,-96.72,-100,-100,-100,-100,-100,-100,-100],[-64.41,-64.41,-61.06,-55.54,-50.66,-32,-15.66,19.47,-4.76,-18.77,-33.83,-23.61,-36.46,-51.18,-59.9,-64.96,-72.16,-79.13,-87,-96.04,-100,-100,-100,-100],[-68.87,-68.87,-60.29,-45.67,-34.16,-19.56,-5.12,16.38,3.95,-10.17,-25.84,-23.75,-37.44,-44.43,-52.36,-57.28,-64.15,-70.27,-76.54,-83.21,-88.43,-93.44,-98.23,-100],[-67.89,-67.89,-66.13,-61.29,-61.12,-47.24,-32.56,13.86,-19.38,-38.02,-53.91,-29.35,-61.51,-69.01,-78.8,-83.76,-90.43,-96.89,-100,-100,-100,-100,-100,-100],[-71.79,-71.79,-68.49,-59.37,-51.61,-33.18,-17.07,15.03,-6.42,-18.94,-34.19,-25.59,-36.47,-51.1,-59.74,-64.65,-71.64,-78.59,-86.62,-95.71,-100,-100,-100,-100],[-69.78,-69.78,-63.63,-58.01,-47.57,-33.01,-17.86,9.46,-10.19,-23.83,-39.17,-33.49,-50.72,-59.16,-67.81,-73.06,-80.22,-86.09,-91.33,-95.78,-99.57,-100,-100,-100],[-70.05,-70.05,-68.18,-65.9,-62.77,-55.99,-39.35,9.32,-26.26,-60.96,-78.34,-34.05,-69.57,-76.83,-100,-100,-100,-100,-100,-100,-100,-100,-100,-100],[-75.91,-75.91,-71.64,-64.98,-58.25,-42.81,-20.96,10.24,-13.89,-24.97,-40.33,-27.74,-42.13,-56.35,-65.64,-69.98,-76.8,-83.28,-90.57,-98.89,-100,-100,-100,-100],[-72.26,-72.26,-72,-66.38,-68.45,-58.98,-42.59,3.13,-31.79,-61.9,-72.06,-38.45,-78.93,-80.9,-91.65,-94.56,-96.85,-99.78,-100,-100,-100,-100,-100,-100],[-76.06,-76.06,-74.22,-71.99,-68.86,-62.11,-45.44,3.04,-32.87,-67.13,-84.17,-38.63,-74.88,-81.77,-100,-100,-100,-100,-100,-100,-100,-100,-100,-100],[-86.06,-86.06,-84.65,-79.78,-66.41,-48.17,-33.3,4.43,-19.47,-32.41,-46.46,-31.51,-54.12,-62.3,-70.4,-75.3,-81.36,-87.19,-93.82,-100,-100,-100,-100,-100],[-83.67,-83.67,-80.85,-77.17,-76.01,-65.26,-51.33,-3.11,-38.11,-68.95,-79.89,-42.75,-80.67,-85.31,-97.47,-100,-100,-100,-100,-100,-100,-100,-100,-100],[-82.6,-82.6,-81.01,-78.98,-75.87,-68.91,-52.07,-2.93,-39.5,-75.92,-82.68,-43.22,-78.85,-86.49,-100,-100,-100,-100,-100,-100,-100,-100,-100,-100],[-95.27,-95.27,-89.83,-100,-69.25,-49.85,-30.66,-1.28,-18.57,-30.32,-44.21,-36.57,-56.77,-61.57,-69.2,-74.45,-81.52,-88.33,-96.12,-100,-100,-100,-100,-100],[-88.98,-88.98,-88.31,-82.03,-80.49,-67.69,-46.55,-7.38,-36.68,-50.75,-65.7,-46.55,-76.12,-82.43,-90.85,-96.14,-100,-100,-100,-100,-100,-100,-100,-100],[-90.57,-90.57,-88.55,-86.39,-85.68,-69.2,-55.8,-7.28,-36.54,-48.46,-61.56,-47.2,-64.4,-78.22,-87.29,-92.97,-100,-100,-100,-100,-100,-100,-100,-100],[-92.81,-92.81,-89.23,-86.27,-74.35,-54.72,-34.62,-8.81,-21.44,-33.7,-47.89,-44.18,-59.74,-65.73,-73.68,-79.02,-86.61,-93.94,-100,-100,-100,-100,-100,-100],[-100,-100,-96.2,-91.97,-87.78,-81.32,-64.03,-14.07,-50.77,-85.67,-100,-52.68,-87.11,-95.82,-100,-100,-100,-100,-100,-100,-100,-100,-100,-100],[-100,-100,-100,-98.35,-94.12,-74.56,-49.52,-13.54,-33.24,-44.89,-58.61,-49.92,-59.84,-74.82,-83.58,-88.98,-96.91,-100,-100,-100,-100,-100,-100,-100],[-96.35,-96.35,-94.6,-91.26,-85.95,-64.09,-43.52,-17.81,-31.01,-43.54,-57.89,-54.48,-68.34,-76.55,-85.06,-90.63,-98.59,-100,-100,-100,-100,-100,-100,-100],[-99.02,-99.02,-97.38,-95.04,-91.75,-85.28,-69.1,-18.25,-55.27,-90.19,-100,-55.56,-90.42,-99.48,-100,-100,-100,-100,-100,-100,-100,-100,-100,-100],[-100,-100,-100,-97.74,-92.38,-75.77,-53.53,-16.76,-37.91,-48.52,-62.62,-51.78,-63.6,-78.53,-87.3,-92.72,-100,-100,-100,-100,-100,-100,-100,-100],[-100,-100,-100,-96.61,-98.73,-76.03,-64.09,-24.57,-56.03,-66.1,-79.89,-60.72,-95.72,-100,-100,-100,-100,-100,-100,-100,-100,-100,-100,-100],[-100,-100,-100,-100,-100,-93.69,-77.06,-24.99,-64.04,-98.52,-100,-61.75,-96.67,-100,-100,-100,-100,-100,-100,-100,-100,-100,-100,-100],[-100,-100,-100,-100,-100,-82.96,-62.08,-23.97,-46.73,-58.14,-71.61,-54.21,-73.41,-85.95,-95.09,-99.95,-100,-100,-100,-100,-100,-100,-100,-100],[-100,-100,-100,-100,-100,-86.47,-64.86,-31.12,-51.57,-64.46,-79.2,-64.83,-89.03,-95.84,-100,-100,-100,-100,-100,-100,-100,-100,-100,-100],[-100,-100,-100,-100,-100,-97.71,-81.16,-30.16,-68.33,-100,-100,-66.33,-100,-100,-100,-100,-100,-100,-100,-100,-100,-100,-100,-100],[-100,-100,-100,-100,-100,-87.67,-64.67,-27.92,-46.83,-56.76,-69.14,-58.8,-80.77,-85.41,-93.21,-98.8,-100,-100,-100,-100,-100,-100,-100,-100]]},"right":{"hash":"3a2f18dd","finite":true,"peak":0.4092797,"rms":0.09054774,"dc":5.804824e-8,"maxDelta":0.01260424,"tailRms":0.000244079,