{"name":"delay-stress","sr":48000,"correlation":0.7122,"channels":{"left":{"hash":"ed79eef5","finite":true,"peak":0.7068259,"rms":0.1181453,"dc":-3.749956e-7,"maxDelta":0.02172431,"tailRms":0.001677474,"bands":[[-100,-100,-100,-100,-100,-100,-100,-100,-100,-100,-100,-100,-100,-100,-100,-100,-100,-100,-100,-100,-100,-100,-100,-100],[-100,-100,-100,-100,-100,-100,-100,-100,-100,-100,-100,-100,-100,-100,-100,-100,-100,-100,-100,-100,-100,-100,-100,-100],[-9.66,-9.66,-2.24,4.46,10.43,17.92,26.94,46.74,30.31,15.16,-1.52,-7.31,-13.41,-19.97,-27.32,-32.01,-37.73,-43.01,-48.14,-53.54,-59.13,-64.71,-70.21,-75.31],[-28.95,-28.95,-27.79,-26.38,-22.92,-14.55,1.94,48.21,13.4,-21.17,-37.44,-50.95,-59.82,-69.58,-76.3,-82.64,-88.77,-94.22,-99.88,-100,-100,-100,-100,-100],[-26.97,-26.97,-18.83,-12.58,-3.93,4.55,15.48,48.41,21.36,4.18,-12.9,-5.34,-12.41,-29.91,-40.38,-45.6,-52.68,-58.91,-64.87,-71.44,-78.68,-86.07,-94.04,-100],[-10.77,-10.77,-9.52,-4.16,2.3,7.96,19.94,51.55,22.67,7.4,-8.84,20.33,0.1,2.63,-21.35,-14.73,-31.31,-47.92,-52.37,-56.8,-61.55,-66.59,-71.85,-77.02],[-34.44,-34.44,-31.54,-27.42,-21.55,-11.99,-0.34,43.26,6.93,-16.4,-32.04,21.94,-16.28,4.39,-43.34,-12.43,-28.27,-59.55,-79.53,-85.6,-91.45,-97.32,-100,-100],[-27.29,-27.29,-29.02,-20.94,-21.39,-13.33,1.15,43.48,7.99,-11.9,-22.21,24.09,-10.74,8.79,-21.28,-5.83,-19.41,-44.73,-58.68,-64.32,-70.19,-76.93,-84.49,-92.74],[-28.62,-28.62,-19.88,-17.91,-9.81,-4.04,8.32,43.11,11.11,-6.47,-17.2,23.12,-4.73,7.93,-19.64,-5.7,-18.47,-41.5,-60.68,-68.32,-73.37,-79.57,-85.94,-92.04],[-38.86,-38.86,-33.86,-33.34,-26.12,-18.62,-5.45,40,1.13,-15.9,-32.26,16.91,-13.2,-0.01,-26.98,-11.52,-21.93,-46.72,-67.07,-90.5,-100,-100,-100,-100],[-32.75,-32.75,-26.81,-20.88,-13.1,-6.74,4.26,40.09,10.71,-8.25,-17.52,16.88,-2.12,2.73,-16.31,-6.06,-16.14,-38.76,-55.85,-75.5,-80.22,-91.12,-98.88,-100],[-35.68,-35.68,-27.73,-19.61,-12.28,-6.41,4.41,38.05,7.14,-7.39,-19.93,6.26,-10.5,0.32,-27,-16.3,-27.21,-49.65,-56.59,-59.85,-63.22,-66.67,-70.09,-73.26],[-52.63,-52.63,-40.03,-32.65,-30.3,-24.12,-9.43,35.88,-1.09,-16.22,-32.35,10.8,-15.92,0.01,-27.91,-16.37,-19.7,-43.76,-59.99,-80.91,-92.27,-100,-100,-100],[-41.47,-41.47,-33.16,-24.77,-16.42,-7.68,2.25,35.84,8.88,-7.84,-22.42,4.54,-25.43,-3.6,-26.74,-17.35,-19.88,-47.61,-65.06,-81.16,-90.01,-98.02,-100,-100],[-46.23,-46.23,-32.24,-25.43,-17.68,-10.26,0.52,30.13,5.9,-10.08,-23.57,2.7,-22.68,-8.37,-33.14,-21.78,-28.18,-53.62,-61.8,-64.93,-68.28,-71.74,-75.13,-78.29],[-50.14,-50.14,-41.2,-38.92,-32.1,-25.14,-9.64,30.3,-1.61,-19.45,-36.69,6.51,-23.69,-14.09,-34.32,-24.42,-29.45,-50.12,-67.4,-86.51,-100,-100,-100,-100],[-53.96,-53.96,-36.42,-34.18,-21.09,-11.43,-1.82,30.2,4.5,-10.58,-27.24,3.68,-28.86,-9.3,-31.18,-19.27,-32.29,-52.4,-65.31,-71.08,-77.19,-84.09,-91.98,-100],[-55.48,-55.48,-41.37,-32.78,-23.42,-14.97,-3.45,18.45,2.27,-12.49,-27.35,4.19,-18.33,-11.56,-33.7,-24.1,-33.8,-56.55,-74.65,-80.96,-85.46,-89.12,-92.63,-95.84],[-50.04,-50.04,-51.68,-36.34,-33.76,-21.5,-8.78,25.86,-3.63,-21.61,-38.02,4.67,-22.7,-13.92,-37.88,-29.76,-32.8,-56.6,-73.67,-84.06,-91.63,-100,-100,-100],[-49.42,-49.42,-43.5,-36.6,-30.33,-17.71,-6.6,25.38,-0.17,-13.97,-30.05,0.97,-26.71,-10.41,-35.69,-21.17,-41.31,-62.23,-71.42,-79.74,-85.9,-89.8,-96.28,-100],[-61.09,-61.09,-47.4,-42.79,-30.85,-20.52,-7.06,12.98,-2.47,-14.54,-29.5,4.65,-19.15,-12.12,-36.86,-29.38,-32.16,-62.66,-78.73,-89.83,-96.47,-100,-100,-100],[-53.34,-53.34,-50.65,-39.06,-30.53,-18.77,-7.8,23.95,-3.77,-19.04,-36.46,-0.15,-23.56,-21.28,-39.07,-31.74,-40.85,-62.17,-80.31,-88.22,-96.03,-100,-100,-100],[-58.75,-58.75,-55.35,-51.64,-34.02,-24.57,-12.2,20.91,-5.2,-18.6,-34.41,0.22,-31.54,-25.79,-42.35,-26.95,-39.6,-68.46,-78.25,-81.76,-93.26,-97.53,-100,-100],[-53.81,-53.81,-53.51,-58.66,-38.96,-26.04,-10.78,16.01,-5.42,-16.84,-32.57,-0.58,-23.99,-20.63,-41.1,-38.5,-37.36,-64.58,-72.54,-76.97,-80.38,-83.81,-87.27,-90.44],[-57.17,-57.17,-50.8,-46.37,-33.01,-19.54,-7.43,22.02,-2.23,-17.59,-35.47,-13.58,-29.85,-23.5,-43.85,-40.04,-45.24,-71.08,-85.62,-94.76,-100,-100,-100,-100],[-64.94,-64.94,-54.33,-48.9,-41.15,-29.84,-17.06,13.87,-9.8,-25.83,-43.94,-16.68,-41.08,-25.49,-48.96,-39.07,-40.23,-76.3,-82.53,-89.11,-97.65,-100,-100,-100],[-51.32,-51.32,-52.73,-46.88,-38.31,-30.93,-15.09,17.68,-8.85,-21.32,-37.92,-9.03,-32.19,-29.27,-46.14,-40.29,-48.12,-68.82,-79.16,-82.66,-86.07,-89.57,-92.95,-96.1],[-55.55,-55.55,-55.1,-43.95,-34.46,-22.84,-9.09,18.82,-3.68,-22.3,-46.21,-18.73,-35.08,-29.97,-49.28,-45.12,-46.28,-78.01,-93.2,-99.83,-100,-100,-100,-100],[-72.22,-72.22,-62.22,-62.18,-41.66,-36.69,-20.86,1.31,-12.89,-29.72,-50.48,-16.68,-44.53,-32.74,-53.45,-40.37,-50.98,-78.27,-87.33,-96.4,-100,-100,-100,-100],[-58.22,-58.22,-57.4,-48.58,-48.19,-33.01,-18.15,17.51,-11.74,-27.76,-43.92,-17.53,-37.31,-29.47,-50.69,-46.71,-49.38,-70,-75.39,-78.65,-81.88,-85.25,-88.63,-91.78],[-64.25,-64.25,-61.21,-54.61,-40.65,-26.29,-12.06,14.95,-6.56,-26.99,-52.92,-20.84,-39.88,-34.01,-54.84,-52.7,-50.59,-81.49,-96.27,-100,-100,-100,-100,-100],[-81.16,-81.16,-65.77,-73.34,-42.85,-38.11,-21.31,7.54,-13.2,-30.05,-51.09,-22.37,-45.18,-33.8,-54.18,-44.27,-53.79,-77.64,-82.11,-85.47,-89.75,-94.62,-99.55,-100],[-61.34,-61.34,-61.3,-56.17,-45.95,-38.12,-18.4,16.16,-13.25,-32.53,-49.04,-24.55,-41.55,-38.58,-61.39,-50.23,-53.86,-76.43,-82.53,-86.21,-89.38,-92.81,-96.19,-99.33],[-68.63,-68.63,-64.32,-59.87,-44.13,-31.89,-15.51,10.31,-9.47,-29.56,-53.73,-23.55,-43.96,-38.77,-57.56,-49.48,-56.75,-84.29,-95.84,-100,-100,-100,-100,-100],[-63.11,-63.11,-61.16,-66.57,-46.78,-37.46,-19.47,10.41,-10.92,-28.46,-48.77,-25.1,-44.26,-39.68,-56.99,-56.22,-58,-78.08,-83,-87.07,-91.87,-96.97,-100,-100],[-59.89,-59.89,-64.74,-54.15,-52.38,-35.5,-19.57,13.18,-15.79,-35.13,-55.07,-27.11,-48.99,-41.58,-64.39,-53.93,-57.85,-87.41,-93.98,-97.88,-100,-100,-100,-100],[-73.67,-73.67,-72.26,-62.55,-51.34,-37.8,-19.74,2.34,-12.36,-30.95,-52.7,-32.84,-55.06,-47.53,-62.3,-55.15,-63.1,-87.62,-98.05,-100,-100,-100,-100,-100],[-66.97,-66.97,-62.37,-65.06,-50.51,-39.06,-19.48,9.61,-11.18,-29.29,-52.39,-36.33,-58.07,-44.97,-61.94,-59.07,-63.5,-85.49,-90.6,-95.7,-100,-100,-100,-100],[-68.26,-68.26,-68.54,-62.98,-50.21,-37.98,-22.48,8.1,-18.57,-35.77,-60.17,-37.59,-52.08,-49.97,-73.04,-61.91,-63.42,-92.98,-100,-100,-100,-100,-100,-100],[-72.67,-72.67,-70.44,-64.93,-56.73,-45.63,-24.03,-1.24,-16.13,-34.08,-56.95,-41,-59.58,-49.92,-65.41,-58.2,-69,-89.94,-99.93,-100,-100,-100,-100,-100],[-64.92,-64.92,-65.81,-60.66,-59.97,-41.78,-22.09,6.82,-14.37,-32.6,-56.27,-38.49,-60.59,-51.8,-65.14,-63.32,-66.65,-88.13,-92.67,-96.77,-100,-100,-100,-100],[-69.89,-69.89,-67.54,-68.25,-55.56,-41.53,-25.27,3.54,-19.07,-36.23,-64.36,-39.11,-56.14,-55.49,-72.75,-64.68,-70.24,-96.56,-100,-100,-100,-100,-100,-100],[-80.56,-80.56,-74.73,-69.94,-58.58,-49.9,-26.6,1.19,-20.04,-37.45,-61.28,-45.89,-62.55,-49.82,-67.81,-63.8,-71.1,-93.83,-100,-100,-100,-100,-100,-100],[-70.8,-70.8,-70.81,-66.27,-56.26,-43.07,-25.46,4.3,-17.86,-35.1,-60.94,-37.34,-61.48,-56.11,-69.54,-66.92,-71.03,-87.74,-91.14,-95.29,-99.82,-100,-100,-100],[-74.02,-74.02,-71.91,-67.23,-56.85,-43.4,-26.61,1.1,-18.45,-35.26,-61.54,-41.45,-62.03,-56.32,-73.29,-68.63,-77.47,-100,-100,-100,-100,-100,-100,-100],[-74.16,-74.16,-71.28,-68.81,-67.3,-50.24,-28.17,1.39,-22.39,-39.39,-65.3,-46.56,-63.66,-62.6,-81.41,-72.39,-75.38,-95.7,-100,-100,-100,-100,-100,-100]]},"right":{"hash":"5c625758","finite":true,"peak":0.6977665,"rms":0.1176554,"dc":-3.456878e-7,"maxDelta":0.02127835,"tailRms":0.001579373,