{"name":"delay-tape","sr":48000,"correlation":-0.354,"channels":{"left":{"hash":"84b78f57","finite":true,"peak":0.3402962,"rms":0.06780815,"dc":8.006651e-9,"maxDelta":0.01022299,"tailRms":0.00004537974,"bands":[[-100,-100,-100,-100,-100,-100,-100,-100,-100,-100,-100,-100,-100,-100,-100,-100,-100,-100,-100,-100,-100,-100,-100,-100],[-100,-100,-100,-100,-100,-100,-100,-100,-100,-100,-100,-100,-100,-100,-100,-100,-100,-100,-100,-100,-100,-100,-100,-100],[-100,-100,-100,-100,-100,-100,-100,-100,-100,-100,-100,-100,-100,-100,-100,-100,-100,-100,-100,-100,-100,-100,-100,-100],[-60.8,-60.8,-60.86,-60.95,-61.07,-61.32,-61.8,-62.65,-64.04,-66.46,-70.82,-74.84,-73.55,-76.26,-87.28,-95.13,-100,-100,-100,-100,-100,-100,-100,-100],[-15.61,-15.61,-13.34,-14.32,-9.19,-4.07,5.57,44.91,16.25,-6.98,-13.27,-17.78,-21.36,-24.75,-27.76,-30.62,-33.48,-36.5,-39.63,-42.98,-46.53,-50.17,-53.74,-57.02],[-40.13,-40.13,-36.83,-33.72,-29.89,-22.51,-6.16,44.97,13.04,-26.43,-43.52,-54.26,-63.72,-71.25,-78.34,-83.98,-88.9,-94.86,-100,-100,-100,-100,-100,-100],[-24.5,-24.5,-27.95,-21.66,-16.81,-11.63,1.42,45.54,15.12,-9.64,-14.61,-17.82,-20.52,-23.13,-25.67,-28.24,-30.94,-33.82,-36.89,-40.2,-43.72,-47.35,-50.91,-54.19],[-17.56,-17.56,-7.73,0.17,6.98,15.31,25.1,41.34,30.15,14.51,-1.27,-6.48,-13.11,-19.99,-27.19,-32.08,-38.2,-43.78,-49.08,-55,-61.15,-67.39,-73.77,-80.47],[-33.8,-33.8,-27.77,-28.83,-20.96,-13.72,-1.88,36.94,8.12,-13.47,-19.45,-0.8,-26.37,-29.64,-34.61,-38.77,-41.6,-45.17,-49.23,-54.04,-59.18,-64.85,-71.03,-77.87],[-45.23,-45.23,-42.61,-39.46,-35.98,-28.72,-11.67,37,4.17,-33.14,-51.13,-2.36,-32.88,-40.23,-80.08,-77.37,-88.43,-91.71,-95.29,-98.83,-100,-100,-100,-100],[-39.56,-39.56,-42.73,-32.29,-29.55,-21.36,-6.9,37.32,7.17,-16.66,-20.75,0.22,-24.35,-27.54,-31.17,-33.98,-37.02,-40.48,-44.36,-48.74,-53.59,-58.73,-63.9,-68.73],[-33.67,-33.67,-24.56,-14.66,-4.23,4.55,15.66,33.15,21.81,7.57,-6.74,-3.66,-16.72,-24.07,-30.21,-34.12,-38.17,-41.69,-45.05,-48.5,-52.12,-55.77,-59.35,-62.64],[-46.8,-46.8,-40.39,-43.19,-32.42,-23.57,-11.13,29.32,0.54,-20.15,-24.66,-6.54,-32.04,-34.92,-39.62,-45.35,-47.31,-51.48,-56.6,-62.69,-69.44,-76.78,-85.57,-94.97],[-40.56,-40.56,-36.45,-34.53,-30.3,-22.99,-10.94,29.95,2.3,-19.24,-23.47,-7.29,-28.91,-31.23,-34.61,-37.15,-39.85,-42.73,-45.81,-49.13,-52.65,-56.28,-59.85,-63.13],[-54.68,-54.68,-53.93,-44.63,-42.21,-32.01,-17.55,29.78,-0.28,-23.47,-26.71,-4.96,-29.88,-32.95,-37.01,-39.98,-43.41,-47.44,-52.12,-57.57,-63.77,-70.51,-77.39,-83.96],[-49.46,-49.46,-37.07,-27.64,-16.24,-6.17,6.9,25.74,14.9,0.49,-12.61,-9.37,-23.8,-29.81,-36.26,-40.76,-45.03,-49.1,-53.36,-58.11,-63.15,-68.65,-74.29,-79.87],[-57.74,-57.74,-52.57,-50.12,-42.4,-32.65,-19.44,22.26,-6.23,-26.77,-30.79,-11.62,-36.83,-40.82,-45.14,-51.5,-53.25,-58.2,-64.3,-71.53,-79.89,-89.03,-100,-100],[-58.87,-58.87,-50.83,-44.54,-41.35,-32.73,-18.38,22.82,-6.91,-25.41,-29.42,-13.21,-34.23,-36.51,-39.76,-43.07,-45.84,-49.53,-53.31,-57.98,-63.05,-68.58,-74.44,-80.5],[-54.76,-54.76,-53.9,-50.95,-49.28,-39.55,-23.59,22.89,-10.1,-30.24,-32.93,-10.53,-37.03,-38.55,-42.96,-45.97,-49.89,-54.43,-59.9,-66.42,-74.01,-82.3,-90.83,-99.03],[-55.87,-55.87,-49.12,-44.15,-29.62,-17.83,-2.01,18.62,8.86,-5.85,-18.68,-15.91,-28.38,-34.45,-42.25,-46.71,-51.29,-56.29,-61.41,-67.38,-74.02,-81.56,-89.7,-98.6],[-51.98,-51.98,-48.11,-45.36,-44.07,-38.15,-24.97,14.15,-16.43,-32.06,-36.34,-17.4,-43.96,-46.6,-50.07,-57.13,-59.05,-64.5,-70.32,-76.56,-81.59,-85.76,-89.45,-92.73],[-67.1,-67.1,-63.55,-58.32,-53.85,-43.7,-29.62,14.71,-16.89,-32.19,-35.53,-19.49,-39.56,-41.76,-45.4,-49.21,-52.15,-56.36,-60.99,-66.92,-73.42,-80.49,-88.36,-96.45],[-54.35,-54.35,-47.61,-42.38,-41.42,-36.81,-25.03,15.31,-14.72,-32.17,-35.69,-16.05,-39.62,-42.94,-45.94,-49.18,-52.6,-56.33,-60.17,-64.01,-67.78,-71.49,-75.07,-78.36],[-67.5,-67.5,-61.16,-62.4,-42.84,-28.62,-9.78,11.09,1.17,-11.77,-24.46,-21.82,-33.87,-39.85,-47.98,-52.7,-57.73,-63.32,-69.12,-76.33,-84.26,-93.29,-100,-100],[-74.28,-74.28,-61.21,-54.29,-54.79,-46.45,-33.15,5.57,-23.87,-38.5,-41.98,-23.95,-49.73,-51.83,-55.27,-63.18,-65.48,-71.45,-77.82,-84.33,-89.57,-94.3,-98.6,-100],[-77.23,-77.23,-75.65,-69.57,-65.62,-54.91,-40.67,5.97,-25.55,-38.64,-40.93,-26.04,-45.14,-47.05,-51.48,-55.14,-58.6,-63.31,-68.77,-75.68,-83.73,-92.39,-100,-100],[-100,-100,-64.15,-55.73,-53.54,-47.44,-33.2,7.92,-20.74,-38.11,-41.22,-21.17,-42.73,-48.41,-51.57,-54.76,-58.55,-63.02,-67.94,-72.94,-78.47,-84.05,-90.05,-96.36],[-72.39,-72.39,-67.65,-72.26,-56.03,-38.97,-17.66,3.41,-6.57,-17.2,-29.71,-27.33,-38.58,-45.92,-53.46,-58.62,-64.24,-70.64,-77.33,-85.82,-95.21,-100,-100,-100],[-89.75,-89.75,-76.66,-67.26,-66.09,-56.01,-41.53,-2.56,-31.45,-44.11,-47.82,-29.7,-54.8,-57.03,-60.83,-69.29,-71.91,-78.22,-85.7,-92.96,-99.7,-100,-100,-100],[-72.94,-72.94,-71.34,-65.53,-67.42,-58.42,-44.74,-2.62,-30.28,-44.25,-46.34,-32.1,-51.13,-52.67,-57.11,-61.2,-64.93,-70.04,-75.74,-82.07,-88.12,-92.66,-96.41,-99.71],[-87.35,-87.35,-78.92,-69.19,-65.93,-57.43,-42.53,1.15,-30.22,-43.72,-46.82,-26.94,-48.33,-53.79,-57.03,-60.2,-64.71,-69.79,-75.89,-81.79,-89.28,-96.53,-100,-100],[-84.03,-84.03,-78.48,-76.45,-66.13,-48.07,-24.32,-3.8,-14.91,-24.12,-35.42,-33.05,-46.01,-52.6,-59.65,-65.41,-71.68,-78.42,-86.34,-95.58,-100,-100,-100,-100],[-88.72,-88.72,-86.66,-79.62,-74.35,-65.52,-50.64,-9.85,-38.19,-49.96,-53.97,-35.24,-60.11,-62.41,-66.29,-74.79,-78.31,-85.26,-93.45,-100,-100,-100,-100,-100],[-85.11,-85.11,-81.2,-81.16,-81.26,-66.36,-50.81,-10.12,-38.17,-50.79,-51.86,-37.65,-58.3,-58.59,-62.97,-67.63,-71.74,-77.51,-83.43,-90.68,-97.64,-100,-100,-100],[-88.34,-88.34,-85.93,-80.93,-77.11,-66.73,-50.89,-5.59,-36.34,-49.91,-52.63,-32.54,-53.05,-59.25,-62.44,-65.69,-70.82,-76.51,-83.45,-90.4,-99.49,-100,-100,-100],[-92.55,-92.55,-87.47,-84.45,-76.89,-59.33,-33.44,-11.6,-20.93,-30.61,-42.08,-39.36,-51.26,-58.63,-65.99,-71.64,-78.93,-86.06,-94.75,-100,-100,-100,-100,-100],[-93.44,-93.44,-89.87,-87.89,-81.18,-74.26,-58.18,-16.77,-47.6,-56.58,-59.98,-40.64,-65.93,-67.85,-71.77,-80.08,-84.23,-91.87,-100,-100,-100,-100,-100,-100],[-100,-100,-93.03,-96.22,-90.35,-75.75,-60.86,-17.08,-49.96,-57.15,-58.22,-43.6,-63.59,-64.31,-68.88,-73.7,-78.41,-84.58,-90.9,-99.09,-100,-100,-100,-100],[-79.51,-79.51,-75.89,-73.48,-70.05,-68.07,-57.37,-13.33,-48.17,-56.27,-58.25,-37.48,-60.51,-64.45,-67.4,-71.18,-76.49,-82.54,-89.43,-95.34,-100,-100,-100,-100],[-97.05,-97.05,-93.68,-90.62,-84.86,-71.92,-43.7,-20.4,-27.95,-36.67,-48.27,-46.3,-56.7,-64.64,-71.82,-78.37,-86.44,-93.92,-100,-100,-100,-100,-100,-100],[-85.04,-85.04,-82.74,-81,-77.3,-76.22,-64.75,-24.67,-51.66,-63.61,-64.88,-45.9,-72.17,-72.97,-77.67,-86.26,-90.35,-98.42,-100,-100,-100,-100,-100,-100],[-100,-100,-100,-100,-99.01,-87.63,-72.89,-25.07,-56.46,-63.75,-64.52,-49.8,-68.32,-70,-74.97,-79.68,-84.79,-91.55,-98.93,-100,-100,-100,-100,-100],[-88.71,-88.71,-90.7,-92.08,-82.81,-78.2,-65.19,-21.22,-52.34,-62.38,-63.15,-43.17,-64.69,-69.49,-72.64,-76.86,-82.49,-89.6,-97.74,-100,-100,-100,-100,-100],[-100,-100,-100,-98.57,-92.92,-83.4,-53.42,-29,-35.26,-43.23,-55.32,-53.93,-62.75,-70.55,-77.21,-85.4,-94.2,-100,-100,-100,-100,-100,-100,-100],[-100,-100,-99.07,-92.54,-89.3,-86.71,-72.95,-32.47,-58.67,-69.95,-70.89,-51.96,-78.07,-78.11,-83.58,-91.78,-97.35,-100,-100,-100,-100,-100,-100,-100],[-100,-100,-100,-100,-100,-98.63,-81.46,-32.92,-62.12,-70.48,-70.41,-55.76,-73.62,-76.16,-80.77,-85.92,-91.28,-98.72,-100,-100,-100,-100,-100,-100]]},"right":{"hash":"7a76a66e","finite":true,"peak":0.3363271,"rms":0.06671315,"dc":5.719786e-10,"maxDelta":0.01023426,"tailRms":0.0000394613,