{"name":"delay-digital","sr":48000,"correlation":-0.288,"channels":{"left":{"hash":"42196f02","finite":true,"peak":0.4775209,"rms":0.08425867,"dc":-7.828061e-9,"maxDelta":0.01425967,"tailRms":4.526289e-7,"bands":[[-100,-100,-100,-100,-100,-100,-100,-100,-100,-100,-100,-100,-100,-100,-100,-100,-100,-100,-100,-100,-100,-100,-100,-100],[-100,-100,-100,-100,-100,-100,-100,-100,-100,-100,-100,-100,-100,-100,-100,-100,-100,-100,-100,-100,-100,-100,-100,-100],[-36.49,-36.49,-17.38,-9.51,-4.14,3.46,13.24,18.42,15.36,2.29,-13.65,-20.04,-26.58,-33.55,-41.9,-46.76,-53.22,-58.75,-64,-69.42,-75.23,-80.88,-86.84,-92.71],[-32.73,-32.73,-30.78,-30.91,-20.83,-13.89,-1.22,46.64,12.23,-17.93,-34.63,-40.99,-48.25,-53.31,-62.43,-64.11,-68.85,-76.6,-83.29,-88.9,-94.13,-99.74,-100,-100],[-31.13,-31.13,-29.22,-26.9,-23.78,-16.86,-0.05,46.94,12.27,-22.05,-39.27,-52.21,-62.78,-72.69,-81.76,-90.17,-98.03,-100,-100,-100,-100,-100,-100,-100],[-42.25,-42.25,-21.93,-12.18,-5,4.66,16.27,47.28,22.29,5.88,-10.71,-16.32,-21.19,-29.25,-37.29,-41.8,-47.88,-53.29,-58.81,-64.4,-70.3,-76.06,-81.46,-85.9],[-23.51,-23.51,-8.92,-0.29,6.33,14.37,23.94,40.57,28.5,12.67,-4.17,-6.42,-16.18,-22.94,-30.77,-35.42,-41.42,-46.75,-51.82,-57.17,-62.85,-68.55,-74.57,-80.8],[-39.2,-39.2,-36.95,-32.63,-29,-24.04,-5.81,39,4.82,-23.28,-41.31,-8.79,-45.39,-53.4,-69.05,-73.74,-79.81,-85.35,-90.68,-96.62,-100,-100,-100,-100],[-46.91,-46.91,-35.11,-20.89,-12.8,-2.37,9.06,39.8,14.2,0.64,-15.82,-6.39,-19.02,-32.96,-41.25,-45.82,-51.64,-56.93,-62.23,-67.45,-72.44,-77.39,-81.77,-85.65],[-43.51,-43.51,-27.85,-21.44,-15.55,-6.22,2.18,31.52,6.07,-7.42,-23.13,-15.84,-34.95,-43.85,-52.41,-57.58,-64.46,-70.57,-76.32,-82.52,-89.33,-96.09,-100,-100],[-47.2,-47.2,-45.08,-48.15,-35.09,-30.77,-17.61,31.55,-4.89,-30.08,-46.2,-15.65,-50.87,-59,-71.25,-76.22,-81.94,-87.44,-92.99,-99.05,-100,-100,-100,-100],[-54.63,-54.63,-50.93,-31.16,-25.78,-13.63,-2.18,32.27,5.08,-10.21,-26.4,-11.94,-28.74,-42.61,-50.9,-55.04,-59.9,-64.47,-68.7,-73.13,-77.42,-82.12,-86.77,-91.09],[-60.5,-60.5,-58.48,-55.91,-51.86,-43.72,-26.78,22.53,-13.21,-48.13,-64.93,-22.55,-58.27,-67.59,-98.92,-100,-100,-100,-100,-100,-100,-100,-100,-100],[-61.21,-61.21,-58.39,-55.99,-51.94,-44.68,-28.1,22.44,-15.18,-49.47,-66.5,-22.99,-58.37,-67,-100,-100,-100,-100,-100,-100,-100,-100,-100,-100],[-62.08,-62.08,-52.31,-37.84,-29.44,-18.15,-5.85,23.9,1.88,-12.34,-27.66,-18.74,-39.25,-45.01,-52.22,-56.78,-62.64,-67.59,-72.47,-77.58,-82.19,-86.44,-90.3,-93.76],[-64.52,-64.52,-62.88,-60.68,-57.88,-51.09,-34.67,15.22,-20.74,-56.1,-73.36,-30.65,-64.84,-74.27,-100,-100,-100,-100,-100,-100,-100,-100,-100,-100],[-68.16,-68.16,-65.6,-62.87,-61.85,-62.33,-34.28,15.32,-21.83,-43.49,-56.6,-30.09,-64.17,-72.67,-85.27,-91.64,-99.55,-100,-100,-100,-100,-100,-100,-100],[-67.05,-67.05,-58.28,-48.86,-35.76,-22.73,-8.51,14.79,-0.43,-14.33,-30.04,-26.75,-41.8,-47.84,-55.43,-60.31,-66.78,-72.5,-78.36,-84.74,-89.93,-94.74,-99.04,-100],[-78.3,-78.3,-75.69,-73.66,-71.97,-56.38,-39.92,6.39,-30.39,-53.41,-70.59,-37.04,-70.11,-81.15,-95.87,-100,-100,-100,-100,-100,-100,-100,-100,-100],[-76.38,-76.38,-73.57,-69.38,-66.73,-47.61,-31.24,6.31,-19.88,-34.36,-49.37,-36.76,-52.04,-66.43,-75.2,-80.37,-87.54,-94.51,-100,-100,-100,-100,-100,-100],[-85.57,-85.57,-74.48,-58.66,-47.06,-32.43,-18.08,1.71,-8.99,-23.11,-38.74,-38.53,-49.77,-56.96,-65.02,-70.05,-76.96,-83.21,-89.72,-96.82,-100,-100,-100,-100],[-82.91,-82.91,-81.7,-75.66,-73.26,-58.19,-43.97,-1.99,-32.7,-48.67,-64.39,-45.36,-73.66,-81.15,-89.2,-94.25,-100,-100,-100,-100,-100,-100,-100,-100],[-86.55,-86.55,-83.16,-75.49,-69.3,-51.12,-35.3,-0.77,-24.76,-37.11,-52.32,-42.59,-54.87,-69,-77.56,-82.63,-89.48,-96.37,-100,-100,-100,-100,-100,-100],[-86.11,-86.11,-79.84,-73.39,-63.31,-48.41,-33.28,-8.18,-25.97,-39.41,-54.7,-51.86,-65.77,-74.37,-83.13,-88.48,-95.84,-100,-100,-100,-100,-100,-100,-100],[-87.69,-87.69,-85.83,-83.52,-80.4,-73.66,-56.99,-8.39,-43.94,-78.62,-95.99,-52.77,-88.2,-95.76,-100,-100,-100,-100,-100,-100,-100,-100,-100,-100],[-92.88,-92.88,-89.33,-81.96,-80.31,-64.5,-39.95,-8.31,-35.38,-44.85,-60.69,-48.17,-62.85,-76.35,-85.73,-89.92,-96.68,-100,-100,-100,-100,-100,-100,-100],[-91.45,-91.45,-90.31,-84.78,-84.54,-77.9,-63.09,-17.62,-52.65,-82.01,-91.37,-59.58,-100,-100,-100,-100,-100,-100,-100,-100,-100,-100,-100,-100],[-97.14,-97.14,-95.24,-92.93,-89.77,-82.98,-66.3,-17.81,-53.76,-88.02,-100,-59.95,-96.08,-100,-100,-100,-100,-100,-100,-100,-100,-100,-100,-100],[-100,-100,-100,-99.02,-87.15,-70.29,-54.03,-17.16,-41.13,-53.75,-67.49,-54.91,-76.86,-83.82,-91.24,-96.28,-100,-100,-100,-100,-100,-100,-100,-100],[-100,-100,-100,-100,-100,-87.72,-76.74,-27.12,-62.23,-88.09,-100,-66.24,-100,-100,-100,-100,-100,-100,-100,-100,-100,-100,-100,-100],[-100,-100,-100,-100,-99.65,-92.8,-76.08,-26.79,-63.48,-99.6,-100,-67.15,-100,-100,-100,-100,-100,-100,-100,-100,-100,-100,-100,-100],[-100,-100,-100,-100,-92.37,-73.18,-54.07,-25.44,-41.91,-53.68,-67.52,-62.13,-79.05,-84.65,-92.3,-97.65,-100,-100,-100,-100,-100,-100,-100,-100],[-100,-100,-100,-100,-100,-86.14,-66.21,-32.53,-56.22,-69.29,-84.15,-71.62,-94.34,-100,-100,-100,-100,-100,-100,-100,-100,-100,-100,-100],[-100,-100,-100,-100,-100,-95.68,-85.55,-32.83,-63.9,-77.01,-90.15,-73.36,-92.91,-100,-100,-100,-100,-100,-100,-100,-100,-100,-100,-100],[-100,-100,-100,-100,-100,-80.52,-60.51,-35.49,-47.34,-59.68,-73.82,-71.75,-84.84,-91.29,-99.35,-100,-100,-100,-100,-100,-100,-100,-100,-100],[-100,-100,-100,-100,-100,-100,-93.15,-43.3,-80.52,-100,-100,-82.66,-100,-100,-100,-100,-100,-100,-100,-100,-100,-100,-100,-100],[-100,-100,-100,-100,-100,-99.36,-78.11,-42.76,-63.22,-75.47,-89.27,-79.46,-91.15,-100,-100,-100,-100,-100,-100,-100,-100,-100,-100,-100],[-100,-100,-100,-100,-100,-92.67,-72.19,-48.17,-59.71,-72.13,-86.44,-85.06,-96.49,-100,-100,-100,-100,-100,-100,-100,-100,-100,-100,-100],[-100,-100,-100,-100,-100,-100,-98.42,-48.38,-84.73,-100,-100,-85.71,-100,-100,-100,-100,-100,-100,-100,-100,-100,-100,-100,-100],[-100,-100,-100,-100,-100,-100,-87.5,-46.97,-72.11,-81.98,-96.17,-85.82,-97.58,-100,-100,-100,-100,-100,-100,-100,-100,-100,-100,-100],[-100,-100,-100,-100,-100,-100,-95.15,-58.1,-88.75,-97.2,-100,-94.05,-100,-100,-100,-100,-100,-100,-100,-100,-100,-100,-100,-100],[-100,-100,-100,-100,-100,-100,-100,-59.27,-98.45,-100,-100,-96.73,-100,-100,-100,-100,-100,-100,-100,-100,-100,-100,-100,-100],[-100,-100,-100,-100,-100,-100,-97.68,-60.3,-82.63,-93.87,-100,-89.98,-100,-100,-100,-100,-100,-100,-100,-100,-100,-100,-100,-100],[-100,-100,-100,-100,-100,-100,-92.06,-69.16,-78.62,-91.11,-100,-99.35,-100,-100,-100,-100,-100,-100,-100,-100,-100,-100,-100,-100],[-100,-100,-100,-100,-100,-100,-100,-66.51,-100,-100,-100,-100,-100,-100,-100,-100,-100,-100,-100,-100,-100,-100,-100,-100],[-100,-100,-100,-100,-100,-100,-100,-64.08,-83.2,-93.16,-100,-96.7,-100,-100,-100,-100,-100,-100,-100,-100,-100,-100,-100,-100]]},"right":{"hash":"008aefee","finite":true,"peak":0.4105656,"rms":0.08338518,"dc":-1.798488e-9,"maxDelta":0.01264249,"tailRms":0.000009009777,