{"name":"delay-pingpong","sr":48000,"correlation":0.0979,"channels":{"left":{"hash":"06c4a5f4","finite":true,"peak":0.4397182,"rms":0.08652147,"dc":-9.56777e-8,"maxDelta":0.01263871,"tailRms":0.001099442,"bands":[[-100,-100,-100,-100,-100,-100,-100,-100,-100,-100,-100,-100,-100,-100,-100,-100,-100,-100,-100,-100,-100,-100,-100,-100],[-100,-100,-100,-100,-100,-100,-100,-100,-100,-100,-100,-100,-100,-100,-100,-100,-100,-100,-100,-100,-100,-100,-100,-100],[-100,-100,-100,-100,-100,-100,-100,-100,-100,-100,-100,-100,-100,-100,-100,-100,-100,-100,-100,-100,-100,-100,-100,-100],[-14.42,-14.42,-6.36,-0.27,6.37,14.25,23.58,46.49,27.61,12.99,-3.35,-9.02,-15.09,-21.56,-28.73,-33.35,-38.97,-44.11,-49.1,-54.3,-59.7,-65.06,-70.38,-75.32],[-34.36,-34.36,-31.02,-27.81,-24.05,-16.6,0.44,47.46,12.8,-21.43,-38.34,-50.67,-60.42,-69.3,-77.35,-84.87,-92.12,-99.26,-100,-100,-100,-100,-100,-100],[-30.16,-30.16,-27.68,-25.2,-22.63,-15.95,1.01,47.68,13.32,-20.95,-38.37,-48.73,-55.63,-59.44,-62.35,-64.87,-67.44,-70.08,-72.79,-75.68,-78.74,-81.95,-85.18,-88.21],[-14.01,-14.01,-8.55,-1.15,3.95,8.99,21.1,47.25,23.85,9.17,-5.34,-10.42,-16.18,-23.02,-29.56,-35.22,-40.53,-45.81,-50.79,-56.31,-61.81,-67.65,-73.34,-78.87],[-42.21,-42.21,-40.27,-37.93,-34.79,-27.85,-11.05,35.99,1.33,-33.01,-50.27,-17.48,-55.55,-67.24,-92.31,-100,-100,-100,-100,-100,-100,-100,-100,-100],[-46.55,-46.55,-40.88,-38.78,-36.12,-27.34,-10.53,35.99,1.71,-32.46,-49.31,-17.97,-57.82,-66.84,-76.2,-80.25,-83.87,-87.24,-90.48,-93.7,-96.95,-100,-100,-100],[-45.49,-45.49,-38.25,-33.07,-29.82,-17.38,-2.71,35.99,4.43,-11.83,-27.02,-18.08,-44.09,-52.07,-60.99,-62.36,-66.04,-72.86,-80.71,-82.74,-89.96,-93.84,-99.01,-100],[-48.57,-48.57,-43.55,-32.74,-24.8,-16.64,-7.86,34.67,1.1,-20.67,-33.31,-13.98,-47.94,-53.59,-63.3,-69.89,-77.84,-86.27,-93.69,-99.93,-100,-100,-100,-100],[-43.74,-43.74,-39.17,-39.23,-34.85,-28.84,-11.8,34.74,0.35,-33.84,-50.42,-13.84,-53.24,-57.48,-74.64,-78.85,-82.64,-86.35,-89.87,-93.3,-96.73,-100,-100,-100],[-48.9,-48.9,-44.57,-40.69,-36.22,-29.35,-11.92,34.76,0.5,-33.83,-44.87,-13.88,-50.81,-56.41,-65.26,-67.38,-65.22,-65.7,-71.3,-80.47,-81.23,-89.02,-95.63,-100],[-63.87,-63.87,-30.13,-21.38,-12.53,-1.74,10.18,30.01,17.31,2.65,-13.15,-15.94,-25.23,-34.03,-44.73,-51.17,-52.46,-54.54,-60.79,-73.44,-76.39,-88.02,-94.01,-100],[-55.02,-55.02,-45.54,-48.15,-38.7,-32.17,-15.7,31.06,-3.2,-36.95,-52.62,-18.82,-59.47,-63.13,-74.82,-78.66,-82.42,-85.89,-89.2,-92.48,-95.79,-99.15,-100,-100],[-45.95,-45.95,-44.32,-41.81,-38.84,-32.13,-15.68,31.11,-3.13,-36.69,-49.59,-18.43,-56.48,-60.61,-69.42,-75.92,-80.35,-85.7,-87.08,-85.5,-87.33,-100,-100,-100],[-45.34,-45.34,-37.55,-28.07,-18.79,-7.54,6.87,27.9,15.44,1.16,-13.03,-16.28,-25.53,-34.66,-46.23,-57.24,-58.21,-61.27,-72.27,-81.78,-79.94,-92.15,-100,-100],[-52.49,-52.49,-46.74,-48.07,-42.34,-35.69,-18.63,27.89,-6.14,-40.65,-54.77,-20.75,-58.67,-65.92,-73.37,-76.46,-79.32,-82.15,-85,-87.96,-91.07,-94.3,-97.54,-100],[-52.07,-52.07,-49.56,-46.3,-43.18,-35.76,-18.85,27.99,-6.37,-40.06,-53.46,-20.08,-57.55,-62.94,-71.05,-75.94,-81.89,-87.51,-88.35,-90.86,-96.98,-100,-100,-100],[-50.91,-50.91,-52.5,-46.28,-36.68,-20.58,-7.39,27.88,3.8,-8.55,-23.3,-19.77,-37.56,-47.9,-61.37,-72.07,-75.3,-84.76,-98.2,-100,-100,-100,-100,-100],[-53.16,-53.16,-50.74,-49.88,-45.95,-38.16,-21.75,24.62,-9.43,-43,-57.13,-22.83,-61.69,-68.09,-75.39,-78.17,-80.95,-83.73,-86.5,-89.42,-92.57,-95.8,-99.06,-100],[-56.02,-56.02,-53.34,-50.16,-46.64,-39.05,-22.01,24.74,-9.77,-43.92,-56.72,-22.16,-61.48,-68.36,-78.28,-85,-94.63,-96.25,-93.87,-97.3,-100,-100,-100,-100],[-53.73,-53.73,-51.9,-49.48,-46.56,-39.74,-22.88,24.78,-10.62,-44.46,-56.62,-22.11,-59.49,-68.33,-80.45,-94.84,-100,-100,-100,-100,-100,-100,-100,-100],[-52.04,-52.04,-51.45,-45.22,-39.2,-21.7,-6.92,21.11,1.14,-11.52,-27.2,-25.41,-40.2,-51.52,-67.1,-79.44,-83,-85.94,-88.76,-92.21,-95.17,-98.8,-100,-100],[-55.91,-55.91,-54.34,-52.11,-49.02,-42.32,-25.45,21.36,-13.21,-46.64,-60.87,-25.66,-62.69,-74.92,-89.81,-100,-100,-99.75,-100,-100,-100,-100,-100,-100],[-63.29,-63.29,-58.63,-55.02,-50.94,-43.25,-26.11,21.36,-13.53,-47,-55.17,-25.83,-60.22,-72.59,-85.69,-100,-100,-100,-100,-100,-100,-100,-100,-100],[-60.87,-60.87,-56.25,-70.13,-40.14,-21.47,-4.57,16.2,7.37,-6,-20.65,-24.66,-35.34,-48.19,-66.79,-78.99,-80.7,-86.7,-92.6,-97.06,-100,-100,-100,-100],[-64.31,-64.31,-60.96,-57.44,-53.63,-46.41,-29.25,17.86,-16.62,-51.07,-63.7,-30.01,-68.7,-81.53,-92.78,-91.76,-88.2,-90.83,-100,-100,-100,-100,-100,-100],[-60.88,-60.88,-58.9,-56.48,-53.26,-46.35,-29.39,17.9,-16.92,-49.77,-61.5,-29.86,-66.92,-79.82,-93.96,-100,-100,-100,-100,-100,-100,-100,-100,-100],[-62.59,-62.59,-59.96,-54.18,-53.64,-30.76,-14.39,16.67,0.03,-12.18,-26.39,-29.57,-43.45,-58.34,-77.67,-87.03,-84.71,-90.22,-97.35,-100,-100,-100,-100,-100],[-66.14,-66.14,-63.51,-60.33,-56.94,-49.62,-33.05,14.39,-20.05,-53.69,-67.13,-34.02,-71.26,-87.02,-94.81,-90.93,-87.2,-90.32,-100,-100,-100,-100,-100,-100],[-63.84,-63.84,-61.96,-59.67,-56.54,-49.72,-32.89,14.52,-20.52,-54.31,-65.84,-33.26,-70.84,-87.29,-100,-100,-100,-100,-100,-100,-100,-100,-100,-100],[-65.88,-65.88,-66.13,-62.05,-59.54,-51.71,-27.56,14.46,-16.27,-29.26,-43.64,-34.03,-60.43,-77.72,-84.09,-86.71,-89.32,-91.97,-95.03,-98.66,-100,-100,-100,-100],[-72.07,-72.07,-68.67,-66.85,-61.89,-44.22,-30.52,11.05,-21.97,-40.83,-53.3,-37.02,-75.17,-88.28,-99.3,-100,-97.89,-96.83,-100,-100,-100,-100,-100,-100],[-73.19,-73.19,-68.57,-64.85,-60.82,-53.14,-36.3,11.25,-23.92,-57.1,-69.38,-35.61,-73.68,-90.89,-100,-100,-100,-100,-100,-100,-100,-100,-100,-100],[-66.17,-66.17,-65.01,-61.98,-58.62,-52.5,-35.46,11.25,-23.16,-55.45,-64.45,-35.85,-72.13,-85.72,-90.15,-93.35,-96.49,-99.52,-100,-100,-100,-100,-100,-100],[-67.25,-67.25,-65.26,-61.98,-56.47,-37.62,-19.71,6.95,-4.17,-16.33,-31.69,-35.33,-47.76,-63.11,-85.24,-100,-99.07,-99.21,-100,-100,-100,-100,-100,-100],[-70.51,-70.51,-68.5,-66.15,-62.96,-55.97,-39.27,8.04,-26.83,-59.83,-72.06,-37.37,-75.58,-92.33,-100,-100,-100,-100,-100,-100,-100,-100,-100,-100],[-71.92,-71.92,-69.67,-65.84,-62.41,-55.71,-38.75,8.07,-26.35,-58.76,-66.88,-37.23,-75.9,-87.78,-95.55,-100,-100,-100,-100,-100,-100,-100,-100,-100],[-70.61,-70.61,-68.5,-66.54,-60.26,-42.53,-23.56,4.83,-4.88,-16.47,-30.05,-34.33,-46.35,-61.69,-83.55,-100,-100,-100,-100,-100,-100,-100,-100,-100],[-73.59,-73.59,-71.58,-69.24,-66.02,-58.99,-42.11,4.76,-29.64,-63.84,-73.93,-39.73,-77.23,-94.24,-100,-100,-100,-100,-100,-100,-100,-100,-100,-100],[-76.13,-76.13,-73.37,-69.1,-66.02,-58.62,-42.08,4.83,-29.7,-60.97,-71.36,-39.44,-77.08,-92.19,-98.72,-100,-100,-100,-100,-100,-100,-100,-100,-100],[-78.86,-78.86,-74.59,-70.93,-66.65,-52.49,-35.69,4.6,-16.22,-26.21,-40.09,-40.08,-59.1,-76.79,-95.45,-100,-100,-100,-100,-100,-100,-100,-100,-100],[-81.49,-81.49,-77.39,-73.9,-70.15,-62.66,-45.32,1.34,-32.88,-65.53,-76.7,-43.44,-82.38,-99.35,-100,-100,-100,-100,-100,-100,-100,-100,-100,-100],[-75.27,-75.27,-74.1,-71.35,-68.88,-61.94,-45.19,1.44,-33.11,-66.23,-75.33,-42.97,-83.53,-97.62,-100,-100,-100,-100,-100,-100,-100,-100,-100,-100],[-83.78,-83.78,-79.14,-75.14,-71.14,-63.16,-46.18,1.32,-33.76,-65.31,-72.17,-44.36,-82.37,-98.53,-100,-100,-100,-100,-100,-100,-100,-100,-100,-100]]},"right":{"hash":"96cd2f0f","finite":true,"peak":0.2047572,"rms":0.03982055,"dc":-1.846474e-7,"maxDelta":0.005891689,"tailRms":0.001086167,