{"name":"delay-pingpong","sr":48000,"correlation":0.3345,"channels":{"left":{"hash":"1f93c87d","finite":true,"peak":0.4398625,"rms":0.09523284,"dc":-9.658944e-7,"maxDelta":0.01263871,"tailRms":0.01170574,"bands":[[-100,-100,-100,-100,-100,-100,-100,-100,-100,-100,-100,-100,-100,-100,-100,-100,-100,-100,-100,-100,-100,-100,-100,-100],[-100,-100,-100,-100,-100,-100,-100,-100,-100,-100,-100,-100,-100,-100,-100,-100,-100,-100,-100,-100,-100,-100,-100,-100],[-100,-100,-100,-100,-100,-100,-100,-100,-100,-100,-100,-100,-100,-100,-100,-100,-100,-100,-100,-100,-100,-100,-100,-100],[-14.42,-14.42,-6.36,-0.27,6.37,14.25,23.58,46.49,27.61,12.99,-3.35,-9.02,-15.09,-21.56,-28.73,-33.35,-38.97,-44.11,-49.1,-54.3,-59.7,-65.06,-70.38,-75.32],[-34.36,-34.36,-31.02,-27.81,-24.05,-16.6,0.44,47.46,12.8,-21.43,-38.34,-50.67,-60.42,-69.3,-77.35,-84.87,-92.12,-99.26,-100,-100,-100,-100,-100,-100],[-30.16,-30.16,-27.68,-25.2,-22.63,-15.95,1.01,47.68,13.32,-20.95,-38.37,-48.73,-55.63,-59.44,-62.35,-64.87,-67.44,-70.08,-72.79,-75.68,-78.74,-81.95,-85.18,-88.21],[-13.95,-13.95,-8.41,-0.84,4.22,8.8,21.43,47.17,24.28,9.48,-4.86,-9.89,-15.55,-22.43,-28.98,-34.74,-40.13,-45.44,-50.36,-56.01,-61.5,-67.44,-73.16,-78.73],[-40.56,-40.56,-38.62,-36.28,-33.13,-26.2,-9.39,37.65,2.99,-31.35,-48.61,-15.83,-53.9,-65.58,-90.66,-98.96,-100,-100,-100,-100,-100,-100,-100,-100],[-44.89,-44.89,-39.22,-37.12,-34.46,-25.68,-8.87,37.64,3.36,-30.81,-47.65,-16.31,-56.17,-65.19,-74.54,-78.59,-82.21,-85.59,-88.82,-92.04,-95.31,-98.63,-100,-100],[-44.05,-44.05,-36.02,-30.69,-26.41,-13.81,0.04,37.65,6.75,-8.52,-23.73,-16.38,-40.76,-48.83,-57.85,-59.17,-62.85,-69.78,-78.36,-80.21,-87.97,-91.92,-97.27,-100],[-45.96,-45.96,-43.19,-31.84,-23.35,-14.74,-5.28,37.96,4.18,-19.3,-31.6,-9.88,-45.11,-50.26,-61.65,-68.25,-76.22,-84.63,-92.07,-98.3,-100,-100,-100,-100],[-40.45,-40.45,-35.88,-35.94,-31.56,-25.55,-8.51,38.03,3.64,-30.55,-47.12,-9.8,-49.26,-52.5,-71.42,-75.63,-79.42,-83.13,-86.64,-90.08,-93.51,-96.94,-100,-100],[-45.61,-45.61,-41.28,-37.4,-32.93,-26.05,-8.63,38.05,3.79,-30.54,-41.6,-9.86,-46.92,-52.03,-61.92,-64.06,-61.91,-62.4,-67.99,-77.16,-77.92,-85.71,-92.33,-100],[-58.2,-58.2,-26.45,-17.71,-9.24,1.52,13.41,34.9,20.46,5.85,-9.81,-12.01,-21.31,-30.76,-41.38,-47.83,-48.99,-51.07,-57.47,-70.09,-73.05,-84.65,-90.64,-99.85],[-50.09,-50.09,-40.62,-43.22,-33.78,-27.25,-10.78,35.98,1.72,-32.02,-47.68,-13.89,-54.74,-56.44,-70.04,-73.87,-77.67,-81.16,-84.49,-87.79,-91.12,-94.48,-97.8,-100],[-41.03,-41.03,-39.39,-36.88,-33.92,-27.2,-10.76,36.04,1.8,-31.76,-44.7,-13.58,-51.71,-54.59,-64.46,-70.94,-75.41,-80.77,-82.14,-80.56,-82.41,-99.15,-99.66,-100],[-39.33,-39.33,-31.7,-22.49,-13.56,-2.13,12.39,32.77,21.11,6.76,-7.43,-10.93,-19.55,-29.47,-41.1,-51.81,-52.52,-55.79,-67.22,-76.21,-74.78,-86.77,-95.99,-100],[-45.93,-45.93,-40.17,-41.51,-35.78,-29.13,-12.07,34.45,0.42,-34.09,-48.24,-15.33,-52.95,-60.07,-66.84,-69.97,-72.81,-75.65,-78.5,-81.46,-84.57,-87.81,-91.05,-94.09],[-45.51,-45.51,-42.99,-39.75,-36.62,-29.2,-12.29,34.55,0.19,-33.51,-46.92,-14.7,-51.75,-56.56,-64.48,-69.34,-75.36,-81.01,-81.81,-84.3,-90.44,-100,-100,-100],[-43.72,-43.72,-46.04,-37.89,-29.34,-12.74,1.05,34.42,12.05,-0.26,-15.23,-14.1,-28.96,-39.79,-53.79,-64.49,-67.26,-76.81,-91.05,-99.59,-99.53,-100,-100,-100],[-44.92,-44.92,-42.51,-41.64,-37.74,-29.96,-13.55,32.82,-1.23,-34.8,-48.94,-15.03,-53.8,-60.94,-67.14,-69.9,-72.69,-75.48,-78.26,-81.17,-84.32,-87.57,-90.84,-93.9],[-47.82,-47.82,-45.13,-41.96,-38.44,-30.85,-13.81,32.94,-1.57,-35.72,-48.53,-14.36,-53.68,-62.06,-70.14,-76.84,-86.53,-88.15,-85.74,-89.19,-100,-100,-100,-100],[-45.58,-45.58,-43.72,-41.29,-38.36,-31.54,-14.67,32.98,-2.42,-36.28,-48.46,-14.29,-51.66,-61.55,-72.36,-86.73,-94.74,-99.01,-92.01,-93.81,-100,-100,-100,-100],[-43.15,-43.15,-42.51,-37.02,-30.97,-13.36,1.2,30.97,9.41,-3.3,-19.06,-15.83,-31.57,-43.37,-58.74,-69.89,-73.32,-76.2,-78.97,-82.39,-85.4,-89.01,-92.45,-95.62],[-46.07,-46.07,-44.5,-42.27,-39.17,-32.47,-15.61,31.2,-3.37,-36.8,-51.03,-15.83,-52.93,-64.72,-80.09,-91.42,-90.51,-90.03,-94.07,-97.44,-99.48,-100,-100,-100],[-53.44,-53.44,-48.78,-45.18,-41.1,-33.4,-16.27,31.21,-3.69,-37.17,-45.4,-15.99,-50.44,-62.63,-75.91,-92.25,-98.85,-95.14,-94.55,-92.06,-97.31,-100,-100,-100],[-51.62,-51.62,-45.53,-54.12,-30.29,-11.29,5.29,27.01,17.35,4.01,-10.49,-14.37,-24.85,-38.24,-56.78,-68.64,-70.36,-76.14,-81.77,-86.38,-89.62,-95.21,-100,-100],[-52.81,-52.81,-49.46,-45.95,-42.13,-34.92,-17.75,29.36,-5.12,-39.58,-52.25,-18.91,-57.44,-69.2,-81.32,-80.33,-76.77,-79.4,-93.02,-95.34,-100,-100,-100,-100],[-49.39,-49.39,-47.41,-44.98,-41.77,-34.86,-17.89,29.39,-5.43,-38.29,-50.08,-18.79,-55.59,-67.31,-82.52,-93.43,-100,-97.01,-99.26,-94.3,-100,-100,-100,-100],[-49.99,-49.99,-47.43,-41.73,-41.64,-18.2,-1.83,28.04,12.99,0.66,-13.84,-17.72,-30.44,-46.22,-66.06,-76.59,-72.71,-78.63,-86.96,-89.74,-93.15,-96.59,-99.99,-100],[-52.99,-52.99,-50.36,-47.18,-43.8,-36.48,-19.91,27.54,-6.91,-40.54,-54.01,-21.47,-58.72,-73.08,-81.69,-77.8,-74.08,-77.21,-91.9,-89.52,-100,-100,-100,-100],[-50.7,-50.7,-48.82,-46.53,-43.4,-36.58,-19.75,27.66,-7.37,-41.18,-52.75,-20.75,-58.43,-73.47,-90.04,-100,-100,-92.63,-100,-100,-100,-100,-100,-100],[-52.21,-52.21,-52.7,-49.2,-46.68,-37.17,-13.6,27.6,-2.33,-14.48,-28.98,-21.5,-45.82,-63.33,-70.99,-73.63,-76.24,-78.89,-81.97,-85.62,-90.22,-95.28,-99.31,-100],[-56.69,-56.69,-53.94,-52.07,-49.13,-30.97,-16.55,25.85,-7.46,-27.75,-40.11,-22.65,-60.72,-73.87,-84.71,-88.98,-83.15,-82.09,-92.09,-92.52,-100,-100,-100,-100],[-58.39,-58.39,-53.77,-50.05,-46.03,-38.35,-21.51,26.05,-9.13,-42.31,-54.62,-21.27,-59.13,-76.23,-92.62,-100,-100,-100,-100,-100,-100,-100,-100,-100],[-51.37,-51.37,-50.21,-47.19,-43.82,-37.71,-20.66,26.04,-8.37,-40.69,-49.75,-21.52,-57.48,-70.97,-75.38,-78.58,-81.74,-84.79,-87.95,-91.24,-95.22,-99.98,-100,-100],[-51.55,-51.55,-49.61,-46.35,-41.8,-22.52,-5.16,23.39,10.55,-1.55,-16.84,-19.95,-32.58,-48.42,-70.32,-89.82,-83.32,-83.13,-94.17,-98.24,-100,-100,-100,-100],[-54.06,-54.06,-52.05,-49.7,-46.51,-39.53,-22.82,24.49,-10.38,-43.38,-55.65,-21.29,-59.65,-76.34,-92.53,-100,-100,-95.63,-100,-100,-100,-100,-100,-100],[-55.47,-55.47,-53.22,-49.39,-45.96,-39.26,-22.3,24.52,-9.9,-42.34,-50.53,-21.16,-59.91,-71.67,-79.09,-83.66,-88.05,-93.09,-99.06,-100,-100,-100,-100,-100],[-53.95,-53.95,-51.62,-49.84,-43.82,-25.31,-6.64,21.27,12.25,0.6,-12.99,-17.4,-29.07,-45.04,-66.95,-88.11,-89.5,-96.24,-100,-100,-100,-100,-100,-100],[-55.48,-55.48,-53.48,-51.13,-47.91,-40.89,-24.01,22.86,-11.54,-45.74,-55.9,-22.05,-59.39,-76.43,-91.01,-100,-100,-100,-100,-100,-100,-100,-100,-100],[-58.03,-58.03,-55.27,-51,-47.92,-40.52,-23.98,22.93,-11.6,-42.89,-53.34,-21.79,-59.28,-73.92,-80.75,-85.23,-89.53,-93.21,-95.66,-99.83,-100,-100,-100,-100],[-59.58,-59.58,-55.76,-51.88,-48.09,-33.45,-15.79,22.67,3.55,-6.41,-20.58,-22.04,-38.97,-57.38,-77.18,-89.12,-95.39,-98.9,-100,-100,-100,-100,-100,-100],[-61.77,-61.77,-57.66,-54.16,-50.39,-42.89,-25.56,21.09,-13.12,-45.77,-56.98,-24.13,-63.12,-79.21,-94.07,-100,-100,-100,-100,-100,-100,-100,-100,-100],[-55.52,-55.52,-54.34,-51.59,-49.12,-42.18,-25.43,21.2,-13.35,-46.49,-55.61,-23.7,-64.24,-78.01,-83.52,-86.9,-89.41,-91.97,-96.43,-100,-100,-100,-100,-100],[-64.2,-64.2,-59.54,-55.52,-51.49,-43.45,-26.43,21.08,-14.01,-45.51,-51.69,-25.11,-63.04,-78.64,-89.85,-100,-96.53,-96.88,-100,-100,-100,-100,-100,-100]]},"right":{"hash":"cd30d86c","finite":true,"peak":0.2396682,"rms":0.05818287,"dc":-0.000002187616,"maxDelta":0.006892519,"tailRms":0.01157809,