{"name":"reverb-hall","sr":48000,"correlation":-0.5535,"channels":{"left":{"hash":"bed46979","finite":true,"peak":0.6286131,"rms":0.08666557,"dc":-1.486755e-11,"maxDelta":0.01820529,"tailRms":7.528418e-10,"bands":[[-37.11,-37.11,-32.17,-15.64,-5.5,-0.97,6.92,35.15,11.72,-2.62,-17.02,-27.89,-31.55,-36.77,-46.16,-49.51,-55.6,-60.74,-65.5,-70.82,-76.19,-81.4,-86.88,-91.98],[-27.5,-27.5,-6.65,-23.37,2.71,11.77,23.82,47.47,25.22,5.09,-2.71,-11.93,-15.24,-22.24,-29.85,-36.38,-40.32,-46.96,-52.21,-58.44,-65.55,-73.92,-83.68,-95.13],[-21.64,-21.64,-16.31,-9.81,-5.42,13.33,14.35,49.46,29.22,12.4,-8.4,-12.48,-16.96,-27,-34.4,-38.37,-44.62,-52.14,-57.18,-64.98,-73.94,-82.84,-95.86,-100],[-29.36,-29.36,-20.28,-4.98,1.06,2,18.09,46.74,20.17,8.27,-10.42,-19.11,-22.01,-30.46,-36.78,-41.85,-47.75,-53.73,-58.94,-64.31,-70.39,-75.87,-81.17,-86.23],[-18.88,-18.88,-9.85,-18.16,5.71,18.66,24.46,40.9,30.54,11.82,-4.61,-11.27,-13.11,-22.79,-28.19,-35.03,-39.17,-44.84,-50.72,-56.22,-63.47,-70.6,-79.12,-88.15],[-26.3,-26.3,-16.91,-2.84,-0.05,7.51,23.32,34.58,26.3,10.77,-9.52,-18.31,-17.1,-26.51,-33.16,-35.84,-44.13,-50.83,-56.03,-62.2,-70.47,-80.99,-91.13,-100],[-22.23,-22.23,-12.11,-11.7,0.35,8.16,20.73,35.39,19.59,0.3,-9.98,-14.71,-21.96,-29.41,-36.84,-40.42,-46.54,-55,-60.85,-69.78,-78.21,-90.51,-100,-100],[-34.27,-34.27,-20.27,-21.25,-11.87,1.44,15.81,26.53,16.29,2.33,-16.16,-20.97,-26.46,-35.55,-42.06,-46.41,-52.4,-61.54,-67.71,-77.2,-86.68,-100,-100,-100],[-31.88,-31.88,-23.77,-15.13,-12.44,2.07,8.8,22.69,12.51,-6.4,-19.58,-22.34,-30.15,-38.01,-44.58,-50.8,-57.52,-66.86,-73.14,-84.88,-95.8,-100,-100,-100],[-38.21,-38.21,-30.02,-22.82,-14.7,-9.4,-1.14,20.33,6.16,-3.67,-24.64,-27.44,-36.43,-42.78,-51.66,-56.31,-62.04,-70.97,-80.19,-90.48,-100,-100,-100,-100],[-40.05,-40.05,-36.21,-27.79,-16.84,-9.31,3.13,12.76,4,-12.57,-27.09,-34.19,-38.47,-46.22,-53.24,-60.18,-66.76,-76.54,-85.18,-97.33,-100,-100,-100,-100],[-56.95,-56.95,-36.94,-24.49,-23.36,-13.05,-2.9,10.48,-3.05,-13.67,-32.91,-42.72,-43.41,-50.29,-60.54,-63.75,-71.97,-82.46,-90.47,-100,-100,-100,-100,-100],[-48.18,-48.18,-50,-34.65,-25.68,-17.32,-4.91,9.28,-3.06,-21.79,-36.61,-41.82,-48.95,-57.54,-63.24,-71.26,-77.92,-88.7,-97.12,-100,-100,-100,-100,-100],[-54.9,-54.9,-45.29,-38.13,-34.68,-21.27,-17.19,4.32,-13.83,-23.25,-40.75,-49.82,-52.01,-60.09,-66.63,-74.77,-82.52,-93.17,-100,-100,-100,-100,-100,-100],[-57.75,-57.75,-53.29,-41.3,-34.51,-27.31,-23.56,1.12,-10.8,-30.51,-45.13,-51.77,-55.33,-68.1,-74.17,-79.74,-86.8,-97.91,-100,-100,-100,-100,-100,-100],[-59.27,-59.27,-51.6,-39.48,-35.99,-28.9,-21.16,-4.93,-20.01,-32.34,-47.98,-58.57,-60.2,-67.67,-75.74,-82.46,-92.27,-100,-100,-100,-100,-100,-100,-100],[-64.57,-64.57,-62.3,-50.98,-42.35,-34.23,-24.9,-8.09,-26.39,-36.79,-54.34,-64.8,-66.2,-72.74,-81.66,-88.14,-97.21,-100,-100,-100,-100,-100,-100,-100],[-72.9,-72.9,-63.33,-56.1,-53.45,-37.86,-26.45,-15.44,-25.59,-42.9,-59.63,-62.08,-68.49,-77.09,-84.42,-90.78,-100,-100,-100,-100,-100,-100,-100,-100],[-81.77,-81.77,-69.89,-53.15,-53.43,-45.32,-33.19,-17.23,-35.29,-46.43,-61.65,-67.96,-71.4,-84.13,-87.23,-96.11,-100,-100,-100,-100,-100,-100,-100,-100],[-76.02,-76.02,-73.11,-57.5,-51.35,-50.16,-37.2,-21.32,-31.57,-48.94,-67.35,-70.68,-77.95,-84.78,-95.34,-100,-100,-100,-100,-100,-100,-100,-100,-100],[-86.82,-86.82,-75.04,-64.35,-59.81,-57.47,-43.26,-27.52,-41.42,-54.98,-68.97,-77.76,-79.83,-92.28,-97.31,-100,-100,-100,-100,-100,-100,-100,-100,-100],[-87.06,-87.06,-79.1,-87.71,-64.18,-51.05,-45.54,-28.49,-43.64,-55.87,-74.87,-80.75,-84.37,-96.75,-100,-100,-100,-100,-100,-100,-100,-100,-100,-100],[-96.04,-96.04,-84.47,-72.67,-74.79,-59.43,-45.15,-37.17,-44.23,-64.78,-78.51,-86.5,-92.01,-96.67,-100,-100,-100,-100,-100,-100,-100,-100,-100,-100],[-92.35,-92.35,-85.9,-80.72,-71.42,-60.19,-52.31,-44.01,-53.4,-64.23,-83.58,-88.97,-93.65,-100,-100,-100,-100,-100,-100,-100,-100,-100,-100,-100],[-100,-100,-90.05,-82.33,-80.45,-68.13,-55.3,-43.7,-54.42,-76.94,-91.61,-92.3,-97.44,-100,-100,-100,-100,-100,-100,-100,-100,-100,-100,-100],[-100,-100,-95.89,-90.83,-77.35,-76.34,-63.82,-44.4,-57.39,-72.98,-91.41,-98,-99.72,-100,-100,-100,-100,-100,-100,-100,-100,-100,-100,-100],[-100,-100,-100,-95.02,-98.7,-72.59,-61.59,-49.36,-69.53,-79.72,-94.43,-99.66,-100,-100,-100,-100,-100,-100,-100,-100,-100,-100,-100,-100],[-100,-100,-100,-94.6,-91.8,-83.11,-66.72,-50.08,-71.21,-82.43,-97.73,-100,-100,-100,-100,-100,-100,-100,-100,-100,-100,-100,-100,-100],[-100,-100,-100,-100,-93.43,-88.04,-70.39,-53.78,-69.32,-84.52,-100,-100,-100,-100,-100,-100,-100,-100,-100,-100,-100,-100,-100,-100],[-100,-100,-100,-100,-94.91,-84.36,-75.16,-61.96,-80.96,-90.76,-100,-100,-100,-100,-100,-100,-100,-100,-100,-100,-100,-100,-100,-100],[-100,-100,-100,-100,-100,-85.84,-80.45,-64.92,-78.91,-97.05,-100,-100,-100,-100,-100,-100,-100,-100,-100,-100,-100,-100,-100,-100],[-100,-100,-100,-100,-100,-92.4,-84.48,-77.68,-83.31,-96.35,-100,-100,-100,-100,-100,-100,-100,-100,-100,-100,-100,-100,-100,-100],[-100,-100,-100,-100,-100,-98.55,-88.71,-76.27,-89.05,-100,-100,-100,-100,-100,-100,-100,-100,-100,-100,-100,-100,-100,-100,-100],[-100,-100,-100,-100,-100,-100,-88.56,-75.99,-92.69,-100,-100,-100,-100,-100,-100,-100,-100,-100,-100,-100,-100,-100,-100,-100],[-100,-100,-100,-100,-100,-100,-100,-76.82,-93.41,-100,-100,-100,-100,-100,-100,-100,-100,-100,-100,-100,-100,-100,-100,-100],[-100,-100,-100,-100,-100,-100,-100,-79.19,-100,-100,-100,-100,-100,-100,-100,-100,-100,-100,-100,-100,-100,-100,-100,-100],[-100,-100,-100,-100,-100,-100,-100,-83.91,-99.95,-100,-100,-100,-100,-100,-100,-100,-100,-100,-100,-100,-100,-100,-100,-100],[-100,-100,-100,-100,-100,-100,-100,-88.74,-100,-100,-100,-100,-100,-100,-100,-100,-100,-100,-100,-100,-100,-100,-100,-100],[-100,-100,-100,-100,-100,-100,-100,-96.95,-100,-100,-100,-100,-100,-100,-100,-100,-100,-100,-100,-100,-100,-100,-100,-100],[-100,-100,-100,-100,-100,-100,-100,-100,-100,-100,-100,-100,-100,-100,-100,-100,-100,-100,-100,-100,-100,-100,-100,-100],[-100,-100,-100,-100,-100,-100,-100,-100,-100,-100,-100,-100,-100,-100,-100,-100,-100,-100,-100,-100,-100,-100,-100,-100],[-100,-100,-100,-100,-100,-100,-100,-100,-100,-100,-100,-100,-100,-100,-100,-100,-100,-100,-100,-100,-100,-100,-100,-100],[-100,-100,-100,-100,-100,-100,-100,-100,-100,-100,-100,-100,-100,-100,-100,-100,-100,-100,-100,-100,-100,-100,-100,-100],[-100,-100,-100,-100,-100,-100,-100,-100,-100,-100,-100,-100,-100,-100,-100,-100,-100,-100,-100,-100,-100,-100,-100,-100],[-100,-100,-100,-100,-100,-100,-100,-100,-100,-100,-100,-100,-100,-100,-100,-100,-100,-100,-100,-100,-100,-100,-100,-100],[-100,-100,-100,-100,-100,-100,-100,-100,-100,-100,-100,-100,-100,-100,-100,-100,-100,-100,-100,-100,-100,-100,-100,-100]]},"right":{"hash":"8a0aa2e3","finite":true,"peak":0.5249372,"rms":0.07435311,"dc":7.990704e-10,"maxDelta":0.01502292,"tailRms":2.124248e-9,