{"name":"reverb-ambient-max","sr":48000,"correlation":-0.3069,"channels":{"left":{"hash":"88b1e722","finite":true,"peak":0.6469558,"rms":0.09446126,"dc":-9.348686e-7,"maxDelta":0.0186791,"tailRms":0.00414394,"bands":[[-27.22,-27.22,-17.37,-22.68,-5.65,-1.53,8.34,31.6,13.14,-0.09,-18.24,-25.65,-30.73,-37.03,-44.36,-49.22,-54.21,-59.78,-64.4,-69.63,-74.91,-80.33,-85.86,-91.3],[-24.5,-24.5,-13.44,-3.39,-3.76,8.57,18.2,29.95,20.65,5.44,-10.98,-17.35,-23.45,-29.53,-37.67,-42.3,-48.06,-53.37,-58.55,-63.93,-69.89,-76.01,-82.54,-89.42],[-26.24,-26.24,-4.26,-8.5,10.06,12.68,16.82,42.84,29.97,11.7,-3.93,-6.39,-18.16,-22.99,-30.37,-36.45,-42.32,-46.57,-52.73,-57.59,-64.86,-72.72,-81.68,-91.71],[-17.78,-17.78,-6.08,-2.33,8.48,11.57,21.92,44.63,27.6,8.75,-3.64,-13.4,-16.62,-22.26,-31.63,-37.12,-41.33,-48.02,-53.01,-58.89,-66.27,-73.98,-82.54,-90.79],[-27.78,-27.78,-12.3,-5.18,6.88,4.79,24.21,39.44,21.01,3.84,-8.05,-12.8,-21.38,-28.15,-32.52,-40.75,-45.8,-50.64,-56.4,-62.37,-70.02,-77.87,-88.49,-98.61],[-12.74,-12.74,-7.56,2.96,16.7,18.42,28.11,46.77,28,10.39,0.54,-6.83,-15.28,-19.53,-26.75,-33.52,-39.19,-44.61,-49.65,-56.67,-64.15,-72.2,-81.63,-90.34],[-11.34,-11.34,-5.85,-1.9,7.36,6.39,25.19,45.12,30.9,10.66,-8.04,-14.21,-16.14,-20.12,-30.87,-35.02,-41.08,-46.28,-52.74,-58.07,-64.62,-72.35,-82.02,-93.36],[-19.4,-19.4,-6.03,2.33,9.26,15.7,25.19,42.1,24.72,8.56,-9.33,-10.3,-23.58,-23.82,-29.86,-35.24,-43.96,-48.15,-54.33,-61.32,-70.17,-78.4,-88.23,-99.05],[-16.75,-16.75,-7.16,-3.34,12.65,13.46,21.24,37.57,30.11,13.67,-5.1,-7.8,-18.32,-25.35,-30.09,-36.22,-43.41,-47.44,-54.71,-61.21,-69.28,-77.67,-89.47,-100],[-14.11,-14.11,-6.36,-0.08,7.61,4.68,24.9,40.64,26.72,6.19,-6.47,-8.9,-20.18,-21.94,-34.56,-36.28,-43.97,-49.92,-55.94,-63.79,-70.59,-81.39,-92.85,-100],[-24.33,-24.33,-8.55,-2.84,11.7,12.82,18.36,41.71,23.56,4.31,-9.57,-16.58,-23.67,-25.43,-33.47,-37.43,-45.27,-51.95,-58.49,-64.47,-73.98,-85.07,-99.41,-100],[-20.64,-20.64,-10.07,0.46,9.26,8.11,22.03,36.58,24.46,8.58,-7.91,-9.37,-21.55,-23.59,-32.82,-39.3,-47.07,-50.99,-59.11,-66.83,-77.31,-87.65,-100,-100],[-15.89,-15.89,-8.61,-3.22,2.61,13.07,23.63,36.4,27.4,8.46,-12.76,-14.74,-19.25,-26.51,-33.28,-41.78,-45.39,-52.44,-59.43,-67.99,-78.37,-89.66,-100,-100],[-19.55,-19.55,-11.69,-6.63,4.69,8.67,17.22,36.38,22.03,3.5,-8.96,-15.78,-22.05,-29.69,-35.95,-39.84,-47.43,-54.64,-60.41,-70.73,-80.86,-93.59,-100,-100],[-26.51,-26.51,-19.45,-8.41,6.88,5.25,18.23,39.42,23.3,3.69,-13.34,-13.56,-22.22,-28.07,-34.81,-41.81,-49.91,-54.74,-61.66,-70.58,-81.73,-94.53,-100,-100],[-23.66,-23.66,-10.78,-22.85,6.87,8.27,12.18,34.8,21.89,7.01,-9.18,-11.8,-26.78,-26.98,-36.84,-42.54,-49.52,-56.32,-63.63,-73.63,-83.59,-98.66,-100,-100],[-19.67,-19.67,-10.83,-5,8.03,6.94,16.83,33.47,18.38,3.88,-16.89,-21.83,-25.39,-29.52,-35.61,-44.2,-49.29,-57.17,-65.81,-74.43,-86.81,-99.7,-100,-100],[-20.35,-20.35,-18.41,-14.4,0.56,2.78,20.6,34.96,14.05,1,-11.73,-24.63,-27.65,-29.36,-39.04,-44.64,-51.68,-57.17,-66.48,-74.8,-87.72,-100,-100,-100],[-30.17,-30.17,-21.69,-5.15,-1.37,5.64,14.7,37.19,23.36,-0.22,-12.89,-13.57,-31.1,-34.33,-38.96,-48.78,-53.23,-61.05,-67.26,-76.23,-89.97,-100,-100,-100],[-25.78,-25.78,-12.83,-20.06,1.78,0.34,15.84,29.86,20.58,1.55,-16.28,-16.5,-27.4,-31.01,-41.35,-47.95,-52.13,-61.93,-68.95,-79.27,-91.2,-100,-100,-100],[-26.58,-26.58,-15.81,-9.79,-2.16,0.83,6.34,32.4,15.65,0.49,-16.21,-24.76,-26.14,-34.02,-40.94,-47.05,-55.1,-60.52,-70.56,-79.87,-93.27,-100,-100,-100],[-37.37,-37.37,-21.14,-9.65,2.87,4.1,14.68,32.5,13.39,-0.26,-15.73,-25.07,-29.95,-32.53,-41.48,-46.57,-54.03,-63.18,-71.2,-82.25,-94.73,-100,-100,-100],[-29.19,-29.19,-25.58,-15.53,1.88,3.48,14.79,33.7,17.47,0.62,-15.78,-15.78,-28.76,-33.7,-43.56,-50.36,-54.89,-63.31,-72.78,-83.2,-95.57,-100,-100,-100],[-28.49,-28.49,-17.69,-12.97,-2.8,-1.47,11.27,19.35,13.31,0.11,-16.29,-24.66,-29.58,-35.01,-44.72,-49.4,-58.07,-63.85,-73.67,-83,-96.96,-100,-100,-100],[-30.17,-30.17,-17.69,-19.14,-3.31,-0.82,13.45,32.66,15.2,-3.14,-20.56,-26.89,-32.2,-36.04,-45.08,-51.47,-58.19,-65.25,-75.01,-85.36,-98.75,-100,-100,-100],[-34.98,-34.98,-26.11,-13.75,-4.56,0.8,8.79,31.82,12.31,-12.42,-21.13,-24.13,-32.95,-35.74,-45.65,-52.95,-58.48,-65.65,-75.45,-87.04,-100,-100,-100,-100],[-34.93,-34.93,-29.63,-25.21,-1.71,0.11,8.74,29.06,10.27,-2.96,-20.78,-24.67,-36.43,-38.83,-47.11,-50.78,-60.61,-67.71,-77.15,-87.74,-100,-100,-100,-100],[-31.87,-31.87,-20.34,-17.74,-0.79,0.6,9.41,21.59,3.97,-2.76,-21.61,-29.67,-35.54,-38.95,-46.89,-54.38,-60.79,-68.17,-79.55,-90.75,-100,-100,-100,-100],[-35.47,-35.47,-23.19,-33.86,-8.92,-3.52,5.53,27.74,10.74,-6.76,-20.72,-24.88,-32.1,-39.32,-47.67,-54.69,-61.82,-69.52,-79.56,-90.2,-100,-100,-100,-100],[-46.68,-46.68,-28.18,-19.02,-12.1,-6.7,9.22,27.34,13.14,-5.9,-21.97,-26.3,-35.22,-37.82,-48.73,-54.55,-63.53,-70.57,-79.97,-91.97,-100,-100,-100,-100],[-35.6,-35.6,-26.02,-18.62,-3.51,-2.03,-0.13,15.58,7.41,-6.03,-22.05,-27.87,-35.5,-44.48,-49.03,-58.34,-63.64,-72.01,-82.12,-93.42,-100,-100,-100,-100],[-33.51,-33.51,-23.51,-19.16,-12.42,-5.7,5.01,20.78,3.25,-8,-24.87,-30.22,-33.94,-43.75,-52.43,-58.66,-66.03,-71.74,-83.09,-95.49,-100,-100,-100,-100],[-33.89,-33.89,-23.58,-18.28,-5.98,-13.07,7.46,22.19,9.18,-12.31,-27.74,-26.29,-37.78,-46.23,-52.35,-56.35,-66.85,-72.91,-83.93,-96.69,-100,-100,-100,-100],[-47.73,-47.73,-31.67,-25.27,-6.4,-6.71,-4.02,26.57,7.15,-6.24,-26.56,-38.56,-37.32,-42.38,-51.88,-59.09,-67.39,-74.26,-84.86,-97.59,-100,-100,-100,-100],[-41.07,-41.07,-30.03,-21.17,-11.71,-8.17,6.74,17.48,-1.01,-7.85,-26.37,-30.07,-42.18,-43.94,-53.92,-60.24,-67.2,-76.78,-85.73,-98.44,-100,-100,-100,-100],[-35.68,-35.68,-25.08,-28.29,-11.03,-8.46,0.44,18.84,4.2,-12.61,-27.34,-31.43,-41.83,-47.02,-56.1,-62,-68.74,-75.69,-86.64,-100,-100,-100,-100,-100],[-41.81,-41.81,-28.99,-21.83,-10.56,-6.76,-2.5,19.71,5.72,-14.25,-25.62,-32.82,-40.1,-48.54,-55.69,-61.42,-70.16,-77.97,-89.87,-100,-100,-100,-100,-100],[-42,-42,-40.88,-30.42,-13.97,-14.49,1.55,23.88,7.53,-13.2,-28.99,-30.61,-42.95,-47.38,-53.4,-62.49,-70.17,-79.21,-89.86,-100,-100,-100,-100,-100],[-41.38,-41.38,-30.67,-23.8,-11.13,-11.49,-2.53,9.25,-0.75,-11.06,-35.29,-42.79,-41.52,-50.46,-58.4,-65.27,-71.79,-80.64,-92.15,-100,-100,-100,-100,-100],[-40.87,-40.87,-29.85,-25.57,-13.6,-8.9,-0.32,18.73,1.16,-12.22,-30.45,-34.25,-43.17,-52.72,-59.24,-66.16,-74.37,-79.44,-92.18,-100,-100,-100,-100,-100],[-42.58,-42.58,-33.98,-29.72,-19.62,-12.84,1.15,20.47,0.1,-15.84,-29.46,-39.05,-47.08,-51.41,-55.86,-66.39,-71.97,-81.4,-93.23,-100,-100,-100,-100,-100],[-47.55,-47.55,-31.28,-29.05,-12.8,-12.24,-6.46,17.81,3.78,-20.55,-33.4,-39.16,-44.77,-51.08,-61.28,-67.37,-74.03,-83.35,-93.91,-100,-100,-100,-100,-100],[-41.42,-41.42,-32.53,-44.31,-18.13,-12.31,-1.14,12.19,-2.19,-12.57,-34.85,-37.17,-44.54,-56.61,-59.48,-66.22,-75.92,-84.41,-97.23,-100,-100,-100,-100,-100],[-40.84,-40.84,-31.25,-28.02,-14.92,-16.13,0.04,12.19,-3.31,-15.66,-34.94,-36.92,-47.05,-52.49,-59.99,-68.7,-76.89,-87.1,-97.28,-100,-100,-100,-100,-100],[-52.29,-52.29,-37.52,-38.64,-18.45,-17.62,-6.28,14.22,0.82,-20.53,-35.16,-37.43,-46.44,-54.13,-61.68,-69.01,-76.82,-85.6,-98.05,-100,-100,-100,-100,-100],[-42.99,-42.99,-36.77,-29.28,-17.35,-12.9,-4.04,11.91,-3.59,-20.06,-37.64,-43.96,-47.02,-56.24,-61.97,-69.91,-76.53,-88.24,-99.69,-100,-100,-100,-100,-100]]},"right":{"hash":"9bfd1beb","finite":true,"peak":0.7308059,"rms":0.119727,"dc":-7.860471e-7,"maxDelta":0.02129856,"tailRms":0.008222147,