{"name":"reverb-plate","sr":48000,"correlation":-0.8903,"channels":{"left":{"hash":"368638f7","finite":true,"peak":1.087243,"rms":0.1695809,"dc":1.191177e-8,"maxDelta":0.03087666,"tailRms":4.48778e-17,"bands":[[-16.59,-16.59,-12.34,-18.53,0.17,4.24,29.03,32.13,27.21,10.62,-6.5,-7.01,-16.25,-23.24,-29.53,-32.99,-38.87,-45.06,-50.23,-55.76,-62.67,-69.1,-76.02,-82.98],[-26.41,-26.41,-15.89,-8.65,2.34,8.92,24.62,52.72,17.97,11.4,-5.81,-11.33,-19.26,-22.24,-27.11,-36.3,-40.57,-43.84,-52.41,-59.54,-66.07,-75.06,-84.92,-96.03],[-22.7,-22.7,-23.9,-16.88,-7.04,-0.88,15.61,53.47,23,3.52,-14.42,-18.99,-25.36,-29.9,-32.93,-43.23,-47.87,-52.77,-62.4,-69.83,-78.52,-90.09,-100,-100],[-17.2,-17.2,-21.53,-31.11,-4.53,6.02,17.93,53.03,19.01,4.52,-11.38,-20.85,-23.97,-28.46,-37.91,-41.86,-47.52,-53.08,-58.36,-62.82,-68.24,-73.5,-79.19,-85.14],[-18.52,-18.52,-8.84,-1.63,6.64,16.46,21.67,53.38,29.14,15.12,-1.46,-9.76,-11.91,-17.34,-25.23,-33.18,-37.93,-39.99,-48.47,-55.22,-61.71,-68.95,-77.45,-86.91],[-35.56,-35.56,-18.2,-9.64,-2.85,8.59,18.08,46.3,16.89,3.96,-10.47,-13.57,-23.35,-26.93,-34.96,-38.76,-46.73,-51.49,-56.8,-65.85,-73.33,-83.51,-95.18,-100],[-53.63,-53.63,-28.15,-22.8,-12.61,-3.26,12.31,39.13,11.57,-2.67,-17.65,-24.82,-30.87,-33.44,-41.59,-47.09,-54.63,-61.04,-67.14,-76.55,-85.38,-97.66,-100,-100],[-48.87,-48.87,-38.29,-31.32,-16.44,-9.71,2.73,30.24,3.26,-13.07,-27.28,-32.99,-38.43,-43.86,-50.91,-55.42,-63.97,-70.14,-76.79,-87.73,-97.75,-100,-100,-100],[-52.83,-52.83,-41.65,-38.72,-29.49,-17.69,-2.24,24.09,-5.95,-19.22,-35.04,-39.99,-46.3,-48.33,-59.78,-63.53,-72.48,-78.19,-86.53,-97.31,-100,-100,-100,-100],[-56.52,-56.52,-47.55,-45.03,-39.59,-29.3,-11.35,16.5,-13.34,-28.2,-41.74,-49.45,-54.07,-57.33,-63.72,-74.53,-82.45,-87.21,-95.67,-100,-100,-100,-100,-100],[-63.28,-63.28,-60.56,-50.96,-41.56,-35.72,-18.25,8.65,-21.7,-36.39,-52.27,-58.52,-62.18,-67.37,-71.67,-80.11,-88.97,-96.21,-100,-100,-100,-100,-100,-100],[-71.25,-71.25,-62.31,-63.1,-54.15,-39.77,-24.91,0.47,-25.9,-42.38,-59.35,-63.89,-68.48,-75.07,-80.16,-87.76,-95.48,-100,-100,-100,-100,-100,-100,-100],[-79.21,-79.21,-70.57,-66.2,-63.95,-54,-33.4,-6.14,-34.35,-53.07,-65.11,-69.13,-77.61,-80.23,-89.76,-97.65,-100,-100,-100,-100,-100,-100,-100,-100],[-96.02,-96.02,-81.4,-73.26,-64.17,-54.22,-45.17,-13.68,-44.42,-55.56,-75.34,-77.45,-86.1,-92.8,-96.79,-100,-100,-100,-100,-100,-100,-100,-100,-100],[-96.21,-96.21,-85.06,-83.36,-77.13,-64.58,-49.05,-21.67,-48.77,-68.07,-86.3,-91.67,-93.44,-98.34,-100,-100,-100,-100,-100,-100,-100,-100,-100,-100],[-100,-100,-100,-91.5,-83.14,-81.73,-55.16,-29.36,-61.54,-70.12,-95.87,-96.82,-98.62,-100,-100,-100,-100,-100,-100,-100,-100,-100,-100,-100],[-100,-100,-100,-98.2,-88.92,-79.18,-75.5,-36.64,-66.07,-81.51,-100,-100,-100,-100,-100,-100,-100,-100,-100,-100,-100,-100,-100,-100],[-100,-100,-100,-100,-97.91,-89.6,-77.02,-43.84,-77.33,-88.68,-100,-100,-100,-100,-100,-100,-100,-100,-100,-100,-100,-100,-100,-100],[-100,-100,-100,-100,-100,-97.36,-81.84,-51.31,-79.99,-99.4,-100,-100,-100,-100,-100,-100,-100,-100,-100,-100,-100,-100,-100,-100],[-100,-100,-100,-100,-100,-100,-93.24,-59.34,-86.43,-100,-100,-100,-100,-100,-100,-100,-100,-100,-100,-100,-100,-100,-100,-100],[-100,-100,-100,-100,-100,-100,-97.05,-66.95,-100,-100,-100,-100,-100,-100,-100,-100,-100,-100,-100,-100,-100,-100,-100,-100],[-100,-100,-100,-100,-100,-100,-100,-74.9,-100,-100,-100,-100,-100,-100,-100,-100,-100,-100,-100,-100,-100,-100,-100,-100],[-100,-100,-100,-100,-100,-100,-100,-82.22,-100,-100,-100,-100,-100,-100,-100,-100,-100,-100,-100,-100,-100,-100,-100,-100],[-100,-100,-100,-100,-100,-100,-100,-89.88,-100,-100,-100,-100,-100,-100,-100,-100,-100,-100,-100,-100,-100,-100,-100,-100],[-100,-100,-100,-100,-100,-100,-100,-97.51,-100,-100,-100,-100,-100,-100,-100,-100,-100,-100,-100,-100,-100,-100,-100,-100],[-100,-100,-100,-100,-100,-100,-100,-100,-100,-100,-100,-100,-100,-100,-100,-100,-100,-100,-100,-100,-100,-100,-100,-100],[-100,-100,-100,-100,-100,-100,-100,-100,-100,-100,-100,-100,-100,-100,-100,-100,-100,-100,-100,-100,-100,-100,-100,-100],[-100,-100,-100,-100,-100,-100,-100,-100,-100,-100,-100,-100,-100,-100,-100,-100,-100,-100,-100,-100,-100,-100,-100,-100],[-100,-100,-100,-100,-100,-100,-100,-100,-100,-100,-100,-100,-100,-100,-100,-100,-100,-100,-100,-100,-100,-100,-100,-100],[-100,-100,-100,-100,-100,-100,-100,-100,-100,-100,-100,-100,-100,-100,-100,-100,-100,-100,-100,-100,-100,-100,-100,-100],[-100,-100,-100,-100,-100,-100,-100,-100,-100,-100,-100,-100,-100,-100,-100,-100,-100,-100,-100,-100,-100,-100,-100,-100],[-100,-100,-100,-100,-100,-100,-100,-100,-100,-100,-100,-100,-100,-100,-100,-100,-100,-100,-100,-100,-100,-100,-100,-100],[-100,-100,-100,-100,-100,-100,-100,-100,-100,-100,-100,-100,-100,-100,-100,-100,-100,-100,-100,-100,-100,-100,-100,-100],[-100,-100,-100,-100,-100,-100,-100,-100,-100,-100,-100,-100,-100,-100,-100,-100,-100,-100,-100,-100,-100,-100,-100,-100],[-100,-100,-100,-100,-100,-100,-100,-100,-100,-100,-100,-100,-100,-100,-100,-100,-100,-100,-100,-100,-100,-100,-100,-100],[-100,-100,-100,-100,-100,-100,-100,-100,-100,-100,-100,-100,-100,-100,-100,-100,-100,-100,-100,-100,-100,-100,-100,-100],[-100,-100,-100,-100,-100,-100,-100,-100,-100,-100,-100,-100,-100,-100,-100,-100,-100,-100,-100,-100,-100,-100,-100,-100],[-100,-100,-100,-100,-100,-100,-100,-100,-100,-100,-100,-100,-100,-100,-100,-100,-100,-100,-100,-100,-100,-100,-100,-100],[-100,-100,-100,-100,-100,-100,-100,-100,-100,-100,-100,-100,-100,-100,-100,-100,-100,-100,-100,-100,-100,-100,-100,-100],[-100,-100,-100,-100,-100,-100,-100,-100,-100,-100,-100,-100,-100,-100,-100,-100,-100,-100,-100,-100,-100,-100,-100,-100],[-100,-100,-100,-100,-100,-100,-100,-100,-100,-100,-100,-100,-100,-100,-100,-100,-100,-100,-100,-100,-100,-100,-100,-100],[-100,-100,-100,-100,-100,-100,-100,-100,-100,-100,-100,-100,-100,-100,-100,-100,-100,-100,-100,-100,-100,-100,-100,-100],[-100,-100,-100,-100,-100,-100,-100,-100,-100,-100,-100,-100,-100,-100,-100,-100,-100,-100,-100,-100,-100,-100,-100,-100],[-100,-100,-100,-100,-100,-100,-100,-100,-100,-100,-100,-100,-100,-100,-100,-100,-100,-100,-100,-100,-100,-100,-100,-100],[-100,-100,-100,-100,-100,-100,-100,-100,-100,-100,-100,-100,-100,-100,-100,-100,-100,-100,-100,-100,-100,-100,-100,-100],[-100,-100,-100,-100,-100,-100,-100,-100,-100,-100,-100,-100,-100,-100,-100,-100,-100,-100,-100,-100,-100,-100,-100,-100]]},"right":{"hash":"d9e3de60","finite":true,"peak":1.519422,"rms":0.2665418,"dc":8.617031e-9,"maxDelta":0.04383607,"tailRms":5.7978e-17,